ProteinAccession,GN,ProteinDescription,b1_s1_M_30,b1_s2_M_30,b1_s3_F_24,b1_s4_M_6,b1_s5_F_6,b1_s6_F_12,b1_s7_F_30,b1_s8_F_12,b1_s9_M_12,b1_s10_F_30,b1_s11_M_18,b1_s12_F_3,b1_s13_M_3,b1_s14_F_18,b1_s15_M_24,b1_s16_M_12,b1_s17_Ctr_Ctr,b1_s18_IR_IR,b2_s1_F_18,b2_s2_M_3,b2_s3_M_18,b2_s4_F_18,b2_s5_M_24,b2_s6_F_12,b2_s7_F_3,b2_s8_F_30,b2_s9_M_18,b2_s10_M_3,b2_s11_F_6,b2_s12_F_24,b2_s13_M_30,b2_s14_M_12,b2_s15_M_6,b2_s16_F_3,b2_s17_Ctr_Ctr,b2_s18_IR_IR,b3_s1_M_6,b3_s2_F_24,b3_s3_M_24,b3_s4_F_12,b3_s5_M_18,b3_s6_M_24,b3_s7_M_30,b3_s8_F_18,b3_s9_M_12,b3_s10_F_6,b3_s11_F_24,b3_s12_F_30,b3_s13_F_6,b3_s14_F_3,b3_s15_M_6,b3_s16_M_3,b3_s17_Ctr_Ctr,b3_s18_IR_IR,representative_isoform
tr|D3YUR8|D3YUR8_MOUSE,0610007P14Rik,Protein 0610007P14Rik (Fragment) OS=Mus musculus GN=0610007P14Rik PE=4 SV=1,54552.7515,67819.62106,74742.13602,75836.68634,71568.47917,94686.94711,56947.97492,86107.08442,95395.11121,97150.39726,101501.2562,87487.65393,71163.26223,83752.28555,81202.50179,96037.48349,16791.36,78304.01586,77796.66159,86366.16835,98300.69304,128741.6075,91200.05919,96622.7498,89606.00287,105727.8467,89130.67132,115305.7246,73677.37556,102810.5893,91745.03032,50744.96836,92694.32476,86841.55503,11037.95306,78304.01586,82545.9466,71050.6531,72714.52385,66059.38019,77422.19088,66057.47812,70449.66878,65923.28237,57176.27671,58348.31911,62100.48437,57623.53485,60127.07585,71397.73842,70262.36744,63694.49602,9844.510363,78304.01586,1
tr|Q9D937|Q9D937_MOUSE,1810009A15Rik,MCG127334 OS=Mus musculus GN=1810009A15Rik PE=2 SV=1,35702.31592,37157.61483,34344.92049,30786.08516,29082.20098,41694.25273,31520.56267,31576.64426,30260.49527,38700.66966,35416.34919,29078.16753,31884.028,32624.95379,31523.50891,30278.76281,6429.980514,25933.32256,26949.31637,25854.15203,28722.29971,26592.95828,23734.77297,29076.03405,25298.81183,31108.32151,35902.85936,35665.23219,30083.04882,30745.78743,20566.05247,24212.99362,30138.04553,25121.22567,4525.024866,25933.32256,19728.58907,33507.79364,22857.34751,26642.7461,29089.98079,23907.68057,20326.75163,24610.66538,24703.54125,26375.45719,30775.57865,25146.03728,28975.92036,21634.85072,22343.1172,22009.77838,8013.114732,25933.32256,1
tr|F7B0R9|F7B0R9_MOUSE,2010300C02Rik,Protein 2010300C02Rik (Fragment) OS=Mus musculus GN=2010300C02Rik PE=1 SV=1,24758.75879,27217.45446,23199.67777,29628.37777,23890.32589,41319.154,30372.85827,27525.42327,26659.50471,30632.38933,23360.45828,30313.17578,32056.56826,26344.16045,26763.91259,32406.02906,14870.48786,32281.65087,31929.65549,34373.48781,28933.40521,29883.80371,28515.08039,23988.0533,33272.24801,29522.71899,31850.63256,21864.96549,33151.31621,34050.84254,26604.7877,27016.65381,21626.87581,32147.70447,12408.29434,32281.65087,29569.31268,24097.1744,25726.68361,28153.49614,21420.84303,42653.29924,23639.75123,70174.9124,48661.40971,35625.15702,31591.54774,37678.23559,52606.85525,32417.3688,20361.04258,38637.4133,23591.53043,32281.65087,0
tr|E9Q3M9|E9Q3M9_MOUSE,2010300C02Rik,Protein 2010300C02Rik OS=Mus musculus GN=2010300C02Rik PE=1 SV=1,2311949.717,3467474.327,3277328.681,4019772.332,3106962.532,4333417.902,3345624.793,2951273.207,2600287.039,3081816.967,2839550.504,2643775.439,3208063.333,2901127.949,2083567.205,4007963.296,1301811.487,3323841.481,2343953.506,3151462.881,3742354.35,2436383.919,2649946.089,2206907.051,4002918.152,2358876.78,2672655.633,2241077.223,3844103.649,3332495.502,3230881.73,3694163.044,2229612.164,2684530.036,839590.4455,3323841.481,2936641.694,2668710.207,2810610.593,2326621.121,2099144.475,4394812.068,2488588.71,6700570.242,4545946.982,2791263.577,2327771.575,3366315.089,4889413.066,2795788.839,1906824.458,3388269.394,1688919.719,3323841.481,1
tr|Q9CPN9|Q9CPN9_MOUSE,2210010C04Rik,Protein 2210010C04Rik OS=Mus musculus GN=2210010C04Rik PE=2 SV=1,228808.8645,243883.3628,222187.2339,225543.8037,261278.0128,251802.9588,247578.6053,262549.3935,211864.5781,229354.353,234208.5796,197773.3211,247663.379,224662.8322,235751.896,241071.2604,139664.9,221757.0961,140968.1845,155735.88,121573.9317,150520.5434,192682.7109,127358.8744,189425.2152,173791.5427,203114.9835,262798.3742,183537.8803,246448.9239,149260.9453,202382.4305,205104.469,221844.0457,418308.2149,221757.0961,245798.3339,279556.5613,223823.4504,339161.8412,240749.5556,229100.0261,304176.6163,229535.9494,287855.692,304350.946,223231.0356,253037.7312,194154.2427,265101.9918,216715.9938,190772.5289,639429.4868,221757.0961,1
tr|Q3TE80|Q3TE80_MOUSE,2410002F23Rik,Protein 2410002F23Rik OS=Mus musculus GN=2410002F23Rik PE=2 SV=1,49509.67168,55401.32339,51750.21425,51105.14541,51655.89269,57739.98344,49577.48499,52208.64553,56086.14261,51740.79128,47785.42893,44417.10543,51323.89834,48540.40109,56273.72137,50678.11296,40571.64445,51716.31543,51220.56809,49821.39437,52572.40526,50304.18613,49765.03405,50309.41308,44267.55624,43514.73438,43033.05191,77735.83219,44939.72387,44789.59683,49538.64313,49358.78202,52218.79146,54541.25987,86008.41776,51716.31543,45237.97032,44675.28608,44269.79155,43160.64162,61803.84206,44034.2746,45680.70772,41808.43719,41599.06394,45582.23495,40459.09505,41557.18067,44114.45877,41577.78417,48502.41384,45818.6979,105998.3533,51716.31543,1
tr|D3Z3S8|D3Z3S8_MOUSE,2900011O08Rik,Protein 2900011O08Rik (Fragment) OS=Mus musculus GN=2900011O08Rik PE=4 SV=1,116772.767,132140.2862,131185.9152,125044.8485,133138.6658,105808.3641,143569.9346,147577.6546,152086.0466,153252.0709,120577.9356,125599.0521,125480.4342,134419.7272,138852.6876,148027.8202,16722.78332,146791.5512,224128.3009,187115.3375,183587.9872,180541.196,187109.0326,152254.9531,168710.3786,173571.5189,162905.593,149591.3925,155093.2747,153146.6519,144852.0633,152294.8913,149469.1903,187184.1886,12517.72997,146791.5512,158496.8308,167014.7316,152250.3384,160587.1826,134185.5974,125536.7271,141437.4987,113507.6409,107914.5148,143415.1839,142260.8692,125071.376,118920.9959,135409.983,129182.9216,136122.1432,16103.64207,146791.5512,1
tr|D3YWS4|D3YWS4_MOUSE,2900011O08Rik,Protein 2900011O08Rik OS=Mus musculus GN=2900011O08Rik PE=4 SV=1,28052.62407,33553.44309,32052.32602,24757.8135,31424.05561,23312.66047,36052.42767,34474.6277,33591.14114,35876.45584,27949.45231,31894.07577,28132.338,31956.64099,35793.02807,33677.79212,2130.543679,34025.13416,49147.91831,40273.99832,42919.32737,38697.15245,44119.97222,40414.41926,40407.1111,41948.20405,35784.21881,31720.33326,35728.30619,34016.20703,33006.77805,34126.09636,33383.90044,37893.58408,2987.497332,34025.13416,43372.06062,47339.12304,41865.31809,39651.88633,49520.44736,31951.9205,32616.80513,26462.05312,23301.74034,39652.70786,32700.17968,30766.73038,27004.93027,32788.50184,30988.24318,33782.68803,6134.860776,34025.13416,0
tr|A2ANZ2|A2ANZ2_MOUSE,3110043O21Rik,"MCG141727, isoform CRA_b OS=Mus musculus GN=3110043O21Rik PE=4 SV=1",1581947.64,1546255.488,1510105.274,1670328.962,1782186.426,1740834.134,1283647.846,1680061.629,1635287.691,1636758.599,1823902.955,1596100.121,1729931.351,1327215.055,1547621.45,1175135.059,133418.4476,1447147.781,1593483.016,1596352.72,1497951.736,1555842.717,1391726.414,1697920.997,1461941.522,1450807.815,1636379.038,1490232.683,1476213.927,1625944.648,1500337.542,1397169.435,1525741.874,1547858.355,122651.4413,1447147.781,1508821.99,1143965.234,1233851.999,1459319.826,1343480.275,1355108.423,1288995.88,1264171.847,1624175.591,1368470.729,1356200.027,1258318.271,1298580.133,1443169.971,1678505.897,1284783.975,167320.0181,1447147.781,0
tr|Q3U3D8|Q3U3D8_MOUSE,3110043O21Rik,"MCG141727, isoform CRA_a OS=Mus musculus GN=3110043O21Rik PE=2 SV=1",1668190.817,1739627.16,1605011.781,1884438.692,1951316.463,1905255.974,1399487.347,1773151.775,1729169.897,1758633.845,2038925.275,1777290.795,1895914.408,1472758.498,1687590.404,1288050.479,150254.2939,1578879.93,1615753.56,1636505.35,1572192.901,1582845.891,1408149.748,1836850.489,1473351.961,1482072.2,1659592.997,1587792.402,1562441.97,1715842.595,1662853.615,1527925.977,1675127.506,1647608.067,135373.3178,1578879.93,1623768.534,1229601.755,1329509.623,1563407.237,1478589.558,1492212.572,1397479.239,1376893.651,1759841.078,1492339.951,1487116.51,1383101.069,1439251.561,1556974.378,1834471.162,1415519.44,192663.4786,1578879.93,1
tr|D3Z566|D3Z566_MOUSE,3632451O06Rik,Protein 3632451O06Rik OS=Mus musculus GN=3632451O06Rik PE=4 SV=1,47555.56735,42963.30146,33138.96964,44638.1936,35741.29905,24611.20061,22990.98206,40120.04824,31214.97348,39643.00629,31431.3677,38368.74644,27637.58904,69157.8876,25662.95503,72877.16119,2783.206969,48123.47514,44254.87454,36171.3814,67127.33525,44608.08302,46542.86819,67582.16783,75969.15016,37457.90295,46370.43577,38803.05359,42684.16475,77126.91199,81941.55643,68294.97146,50017.35299,58000.91429,2365.664813,48123.47514,37258.70637,39265.52941,52515.5423,51378.32675,41698.65603,51823.33936,42779.02133,49624.95459,31287.73114,30045.12856,59985.88017,41154.07058,54753.02656,51812.07585,36107.5521,62973.35728,6408.482904,48123.47514,1
tr|E9Q1Z0|E9Q1Z0_MOUSE,4732456N10Rik,Protein 4732456N10Rik OS=Mus musculus GN=4732456N10Rik PE=3 SV=1,522437.1745,588569.2918,404022.5316,415376.1736,1366533.185,409499.4686,555507.9454,379352.4686,653724.5525,393285.1929,363761.9649,572423.9682,368644.0823,410271.7161,385768.4856,468276.615,386214.7587,768542.4948,945169.4518,1114019.347,1116822.508,10734989.99,1345084.167,1595853.794,1193426.511,1209994.524,1493813.47,1073530.264,770995.9816,1127497.021,3436200.647,928947.9004,925027.0627,783503.2677,433937.0709,768542.4948,361436.7623,449698.568,335266.0589,332042.375,344495.727,297180.1741,552281.6829,309875.5306,400157.2612,530001.233,1929885.588,371052.8235,371702.4617,499825.296,388823.1239,610979.478,1765464.09,768542.4948,1
tr|D3Z5T8|D3Z5T8_MOUSE,4930407I10Rik,Protein 4930407I10Rik OS=Mus musculus GN=4930407I10Rik PE=4 SV=2,25860.85779,25661.06456,23913.03583,27553.41285,29215.72462,54673.23652,30722.12915,31165.64649,26778.89907,33511.21534,35977.14242,30039.54986,40026.84629,24362.07528,26930.14755,36720.09689,16585.91,34647.28282,24666.26865,28365.65699,27049.28788,27965.73167,28909.19817,29737.10553,34577.29434,30263.9167,32113.97546,30163.71177,36301.43763,34492.02687,35230.2022,30216.68788,37726.66611,25470.08295,27167.24499,34647.28282,34602.24987,32879.63891,33297.51388,31375.82107,30955.25015,36675.48073,34027.89345,54141.16849,41105.79087,36730.52554,39623.03948,46015.5659,41746.19197,39046.99228,36060.41631,36983.44831,20360.90693,34647.28282,1
tr|Q8C5X1|Q8C5X1_MOUSE,4931406P16Rik,Protein 4931406P16Rik OS=Mus musculus GN=4931406P16Rik PE=1 SV=1,17725.43934,10261.68641,10795.36046,10073.19853,10664.89003,10206.37935,12081.11281,10263.20227,10436.64993,10096.12837,11069.2644,13265.43212,11337.39259,11291.76763,12125.58705,13240.02621,17220.72,13755.50284,13850.41958,14488.10362,15760.69496,14834.34676,15269.96373,14376.75343,11862.41681,15259.54237,12371.71195,15347.99156,13624.40652,16236.16478,13178.85182,14207.10914,16367.97956,13470.20479,19537.83737,13755.50284,12035.74797,14826.28137,14065.72237,13371.93384,14842.36007,13776.16906,13613.3219,12643.99578,13856.36545,15571.86564,13363.48704,13732.4116,14679.68743,12569.05285,18897.34617,15820.1403,41770.71151,13755.50284,1
tr|F6RPM4|F6RPM4_MOUSE,4932438A13Rik,Protein 4932438A13Rik (Fragment) OS=Mus musculus GN=4932438A13Rik PE=1 SV=1,79292.70164,78624.79675,78264.85421,70104.66522,80732.0103,60214.42857,78954.16417,75871.30027,78842.41106,74063.47173,72857.26517,72604.34833,67964.37001,78791.0439,72210.04166,75680.2279,12356.11043,71516.7471,64059.89983,63794.79667,72240.65492,69597.84816,64010.88639,72505.09069,71269.34436,70435.97262,70514.1271,70213.16791,68707.83244,72272.90765,70284.92538,79181.16434,80205.61162,74472.38421,7402.798629,71516.7471,70081.04748,77048.45911,83188.98123,76573.28073,76180.97569,74624.97113,83518.46922,68051.58225,70472.38996,76762.32516,75135.37733,71779.85031,69428.23433,82508.25921,80933.31119,73851.89162,13160.02508,71516.7471,1
tr|D6RI50|D6RI50_MOUSE,4932438A13Rik,Protein 4932438A13Rik OS=Mus musculus GN=4932438A13Rik PE=4 SV=1,38597.8465,42427.28873,38830.70216,38401.56424,42654.81706,30863.57565,45071.51973,37723.53188,40183.20014,37900.81351,36267.34989,41564.78749,36264.61462,42863.56221,41343.43124,38597.98527,3055.581431,36399.95655,27952.7782,27461.2255,31375.32768,33514.32819,28925.49482,33694.81383,30708.40939,32123.12691,29751.01066,27457.50847,26569.75869,36075.0297,34933.74592,36770.04648,35712.71409,31743.27716,4028.885642,36399.95655,36648.53698,40729.28223,40368.15217,37813.89814,38350.62353,38558.88021,39514.32083,34127.81317,37664.76483,40521.02893,39002.56028,39768.44182,36031.2349,42554.3975,38260.89573,40093.75057,10300.66706,36399.95655,0
tr|H7BX33|H7BX33_MOUSE,4933434E20Rik,Protein 4933434E20Rik OS=Mus musculus GN=4933434E20Rik PE=4 SV=1,46830.06294,48357.69549,45748.22239,38566.47044,49104.61639,39445.34103,46704.26662,52813.06699,49705.27671,46607.51951,42585.01842,47759.77629,43803.82857,46942.68375,50133.58385,54923.51233,5196.110253,48321.48942,55334.30835,53930.52013,57958.90527,48671.42088,53961.4495,47894.13649,53052.02689,44209.17964,54330.1203,51319.14703,48498.23103,52634.60118,46356.68393,51502.83128,49914.17615,52568.15801,3076.405483,48321.48942,45444.66365,44930.19848,43989.52033,42506.40064,38214.96631,37237.25263,41106.86304,36710.3821,34984.84232,39113.52863,40172.09948,32363.30869,36458.92414,40012.26539,37940.23805,38579.76337,6387.880205,48321.48942,1
tr|B1APX2|B1APX2_MOUSE,5031439G07Rik,Protein 5031439G07Rik OS=Mus musculus GN=5031439G07Rik PE=1 SV=1,73722.23133,73687.04232,71999.66345,65184.00825,65899.32608,51735.34736,79948.33383,68080.80037,67064.90866,84691.31143,79790.81415,69808.10342,63555.84005,74761.40129,83735.45773,54345.45347,9333.241438,71518.21504,65678.01124,64405.25257,70115.10755,71370.57655,71505.84893,74418.70681,64192.61852,102577.9691,68185.62722,72155.37323,71514.6566,72804.02553,72459.10808,74847.87912,71412.57216,69607.53347,8329.827835,71518.21504,71869.81601,70686.79575,75303.17977,73476.14407,71705.60487,64876.9136,80849.31949,62819.12261,56220.59633,73993.07314,74885.47483,76753.17243,56711.82691,62298.11058,67758.21614,61257.9501,8428.858058,71518.21504,1
tr|J3KMQ6|J3KMQ6_MOUSE,5730455P16Rik,Protein 5730455P16Rik OS=Mus musculus GN=5730455P16Rik PE=4 SV=1,73596.18321,60315.83529,62595.37859,60558.96308,61678.73245,96508.16153,58020.15234,68956.25323,71875.62194,71696.12356,77244.42285,62340.72026,69985.26487,67198.41608,60868.08804,59077.78686,14040.23379,63323.07958,69828.77556,47296.40146,56346.09136,61114.51087,60864.9734,75841.79479,55249.92456,78194.92936,67709.81248,49715.9574,64062.05876,63540.02029,55720.35882,57713.34119,63791.6946,59637.89297,8192.708487,63323.07958,56764.33204,59744.09863,57257.10124,66097.7743,47496.18677,62596.54393,61744.7863,73183.24344,78913.22979,67524.62138,64655.71018,53687.10605,69336.20851,61466.5234,76494.08645,72129.94315,16811.5774,63323.07958,1
tr|J3QP43|J3QP43_MOUSE,6330403A02Rik,Protein 6330403A02Rik OS=Mus musculus GN=6330403A02Rik PE=4 SV=1,45026.97057,38663.04047,38927.63148,35843.05586,35208.16233,34819.08525,37229.45131,42928.20961,41651.48882,42749.57756,38245.29537,35311.63773,38853.42993,38894.75248,45374.53664,48366.25572,3666.637029,44975.62101,52422.87877,58810.24687,53614.30082,57453.04816,60128.95832,44766.75178,47310.68761,50981.39805,50143.19715,45235.56059,47266.94924,51667.09856,48388.60841,45229.37593,43575.68937,48065.54067,7211.841419,44975.62101,45127.23627,56987.83182,53695.33775,49336.95758,50273.41792,43497.50324,45211.70215,39081.67302,38683.13849,42442.363,47255.82654,43351.74601,39865.25785,42903.77605,43756.97304,41196.57066,5518.175177,44975.62101,1
tr|Q3TA40|Q3TA40_MOUSE,6430548M08Rik,Protein 6430548M08Rik OS=Mus musculus GN=6430548M08Rik PE=2 SV=1,269973.1191,251601.6467,206713.572,236457.181,244101.6492,319307.3491,223293.1002,256145.6676,234890.5421,255698.9539,263968.0449,217567.0158,309753.177,265971.0926,254400.8741,274862.224,46629.41973,252091.4983,251139.1062,298284.8774,233109.1236,271841.0219,278533.4178,258721.6694,287818.6448,301677.3116,272490.6436,221862.4617,248546.7888,237836.5821,241630.0893,248821.5399,219259.8527,211313.6391,27537.41782,252091.4983,258639.9673,234729.6121,242535.7961,259416.6995,215768.511,256316.1697,217384.2662,315190.7111,314092.1571,242833.5848,292764.2192,286089.1937,262472.7911,269245.5243,246239.2822,262015.3557,56749.10448,252091.4983,1
tr|Q0VAW6|Q0VAW6_MOUSE,8030462N17Rik,Protein 8030462N17Rik OS=Mus musculus GN=8030462N17Rik PE=2 SV=1,14499.4678,14750.09919,10399.70957,8559.974164,10545.01931,10961.57111,12664.86933,15357.81469,8808.50797,13008.02618,11469.88253,10578.3646,9299.529835,13410.95597,10869.2358,13850.19729,3698.278,15338.33519,20071.57561,16439.69475,17453.61622,17896.20038,27018.87624,15984.21998,16059.58069,18053.74606,22439.00352,15615.46424,13922.18907,15761.93214,14451.47801,15347.92394,13203.19477,14269.23234,5233.124083,15338.33519,15136.661,19388.61173,17021.15043,23569.99709,14298.63475,24501.12911,16535.80557,16720.59551,14707.87359,21725.825,19392.5003,13591.61803,13734.47084,16990.44613,13548.06004,12886.64662,6940.055788,15338.33519,1
tr|I1E4X5|I1E4X5_MOUSE,9030624J02Rik,Protein 9030624J02Rik OS=Mus musculus GN=9030624J02Rik PE=4 SV=1,23991.15354,26354.58722,27197.645,25908.22945,23426.64458,29262.19004,23098.48829,22776.69934,25927.57695,21285.93408,23641.93433,22087.3171,26139.27362,23430.72624,24716.99248,25773.27194,30976.89043,26928.94065,33367.48757,29081.91463,23613.94395,26973.78608,24982.27202,28617.67072,19590.99353,29950.99558,23816.52471,21162.79487,29376.56021,25159.87476,27704.86846,24587.71411,29560.6083,23992.89526,13572.25247,26928.94065,25854.39214,21364.86052,24991.88906,21394.79236,23958.65489,35750.14311,28154.80038,40925.03656,52143.79013,25424.64666,31812.62176,39924.09461,38815.91428,32013.33563,35581.815,30112.86149,10354.55852,26928.94065,1
tr|E9PUJ3|E9PUJ3_MOUSE,9330182L06Rik,Protein 9330182L06Rik OS=Mus musculus GN=9330182L06Rik PE=4 SV=1,32736.55531,35899.52349,36928.71643,33520.73387,31038.48802,29073.27396,30000.18254,28639.82205,40721.67841,32391.93979,32397.52271,40612.83298,30379.61898,34692.64017,33604.36744,41607.44201,6498.498139,41871.73135,55160.3223,39639.96452,48990.49244,41778.54131,40983.75758,44564.66403,40132.57821,39944.77737,36341.17894,33460.38363,43309.34412,41772.84138,44602.62585,41826.46888,45680.04793,46604.10267,5295.985374,41871.73135,43666.89376,42169.33126,48799.28253,44935.40259,38100.32629,45009.06076,51243.63934,43512.63985,37447.17355,49548.58401,38188.73743,36533.40841,40807.86938,40247.93668,40041.14814,45832.69733,7629.237317,41871.73135,1
tr|E9QLA8|E9QLA8_MOUSE,A830010M20Rik,Protein A830010M20Rik OS=Mus musculus GN=A830010M20Rik PE=4 SV=1,65417.91012,65166.86997,68149.93814,69415.1958,63152.89856,94033.53891,68841.20471,66221.85235,60141.8108,59221.3123,69477.91252,69909.96298,71827.06274,66840.13914,65859.36169,71084.67493,33851.42024,74078.28161,66269.03053,67558.28552,67546.18464,63843.11791,60848.99945,62072.45527,71437.77513,67980.46577,65246.63075,78496.2672,69574.95231,70933.0836,68314.2922,74028.30402,72023.81448,68348.74803,26205.61832,74078.28161,64025.61898,68193.04525,67007.46927,64867.14045,78705.79665,72892.25065,69906.33414,104936.0538,105684.4483,71504.03123,68257.25786,69834.99164,100624.9304,68835.94989,69390.48619,72119.26621,43532.50082,74078.28161,0
tr|G3X9V7|G3X9V7_MOUSE,A830010M20Rik,"MCG19133, isoform CRA_b OS=Mus musculus GN=A830010M20Rik PE=4 SV=1",65417.91012,65166.86997,68149.93814,69415.1958,63152.89856,94033.53891,68841.20471,66221.85235,60141.8108,59221.3123,69477.91252,69909.96298,71827.06274,66840.13914,65859.36169,71084.67493,33851.42024,74078.28161,66269.03053,67558.28552,67546.18464,63843.11791,60848.99945,62072.45527,71437.77513,67980.46577,65246.63075,78496.2672,69574.95231,70933.0836,68314.2922,74028.30402,72023.81448,68348.74803,26205.61832,74078.28161,64025.61898,68193.04525,67007.46927,64867.14045,78705.79665,72892.25065,69906.33414,104936.0538,105684.4483,71504.03123,68257.25786,69834.99164,100624.9304,68835.94989,69390.48619,72119.26621,43532.50082,74078.28161,1
sp|Q3UHJ0|AAK1_MOUSE,Aak1,AP2-associated protein kinase 1 OS=Mus musculus GN=Aak1 PE=1 SV=2,398300.5087,320964.8079,298268.4534,414754.2424,407775.1216,789908.5382,438477.0247,327077.4434,289773.9949,295398.3616,518120.523,339331.7886,641785.2702,380019.6085,384671.2221,444634.8148,150163.49,420957.3899,340778.9638,506143.8579,296901.2165,373811.0425,321434.7793,321396.2533,386605.6564,394893.1671,313029.3037,202557.6075,468270.5748,350607.7369,350967.8087,402260.3122,318208.4335,302387.0966,116287.8564,420957.3899,346908.2089,278266.0945,341938.6828,263042.8239,204853.0161,455721.7166,393312.2396,852714.3706,846245.1083,353095.969,442684.5448,569606.3951,607385.1444,428962.3789,401621.1131,546971.6298,187242.5055,420957.3899,1
sp|Q8BGQ7|SYAC_MOUSE,Aars,"Alanine--tRNA ligase, cytoplasmic OS=Mus musculus GN=Aars PE=1 SV=1",38443.41064,32472.01131,29492.58935,32920.13025,38712.2212,26533.52921,44921.99064,32107.33065,20205.65647,24800.63609,16692.40783,26332.50882,46074.87765,40246.15687,38706.76194,29978.11711,18348.20231,36480.60397,33317.12433,60166.40904,27390.67746,35943.19108,45193.75815,22014.22584,37611.7326,33536.80256,23432.16347,19341.26024,56305.04228,23823.05026,30633.2067,33528.43698,15983.62182,24299.59656,9614.91907,36480.60397,33699.26955,33879.25838,45312.02197,27747.83508,18783.94489,58315.80727,21410.68237,36837.97182,27824.49584,50466.56026,44950.37303,84182.94677,23462.28638,43159.50703,16408.70899,40953.58269,19136.34872,36480.60397,1
sp|Q80YE4|LMTK1_MOUSE,Aatk,Serine/threonine-protein kinase LMTK1 OS=Mus musculus GN=Aatk PE=1 SV=1,83240.85577,90693.95969,98351.4181,97379.23226,86141.24767,72213.16111,78488.50831,87967.76554,81640.41744,87118.97904,78052.65254,85408.48197,70501.76351,97580.13932,76439.95171,103639.8794,15325.67269,87202.5812,84910.26827,75583.24088,96787.72141,77436.16139,82071.21964,90066.77067,102405.5297,78891.76624,78587.51989,74213.76106,91233.64536,96984.91022,102028.7669,105293.497,92550.8092,89012.13037,11759.03392,87202.5812,86651.94302,103509.1281,99541.78689,92623.76,80385.96108,99538.22642,95499.65038,97271.56338,84176.53147,88837.93269,86281.03708,79861.2266,92682.95507,83858.12852,82295.12332,85273.81983,18959.36048,87202.5812,1
sp|P41233|ABCA1_MOUSE,Abca1,ATP-binding cassette sub-family A member 1 OS=Mus musculus GN=Abca1 PE=1 SV=4,56320.80301,74540.13944,61027.34708,55670.46535,57195.82017,46284.14203,53725.21273,44335.22607,75720.2015,58153.67813,56683.95699,61899.87916,48201.1061,65223.7613,49368.83966,59398.92022,13314.01775,48717.55131,52649.13049,29849.93402,56224.00361,38145.02804,44907.71649,51484.43702,45389.42774,45213.98829,52653.04995,41454.51696,59271.45264,59027.57105,60195.28283,69688.27651,54821.68322,59822.09326,5107.766315,48717.55131,55866.05227,48163.25275,63475.3333,49186.67978,54744.87351,49733.69408,56664.47687,49074.14375,44764.71983,58387.45607,49530.86675,42410.00742,41929.84064,51231.56431,45959.34636,58149.52625,12802.48461,48717.55131,1
tr|E9PX95|E9PX95_MOUSE,Abca17,Protein Abca17 OS=Mus musculus GN=Abca17 PE=3 SV=1,30853.0532,37070.53851,35698.37051,35839.14031,35038.10891,28392.13249,35361.31034,32362.51169,31533.64604,32761.68356,31894.03007,40028.39552,34049.7491,35866.87578,38747.11403,33760.03292,5504.233499,34676.7407,28831.8227,29885.72848,32311.58201,34348.31784,29889.83774,34108.15271,32078.80542,30472.86679,34576.88386,34095.74421,31128.11578,37966.60148,35389.76947,35499.13662,38762.89168,34160.69223,5911.815624,34676.7407,33339.4965,34962.40122,33587.82537,35991.5148,31704.02231,37149.64172,35404.47271,29624.18517,31848.93683,34068.83189,38436.63379,33159.58318,33103.78982,36187.82958,36010.05394,32520.68188,5770.783104,34676.7407,1
tr|A2AJ26|A2AJ26_MOUSE,Abca2,ATP-binding cassette sub-family A member 2 OS=Mus musculus GN=Abca2 PE=1 SV=1,314614.9056,328582.662,291360.1702,273606.3385,261446.8979,208854.6014,259205.6824,231128.5474,333356.781,260731.7506,246123.7342,293300.0368,205765.3144,290766.2292,251584.3802,271841.3434,42246.42435,259336.4094,288972.7072,220608.7873,291720.2804,250043.944,282373.028,305024.7338,258941.775,265133.2251,263453.9628,248083.4944,276687.8722,271888.7417,303700.7522,305667.3696,306211.885,298754.5516,33130.57657,259336.4094,278981.1169,256203.9289,322908.0161,259441.6777,258427.8218,266376.8812,309517.4569,242905.5377,230354.4981,294741.2977,258207.0676,220127.2581,233942.0594,244315.7088,249990.293,257790.8525,55616.24798,259336.4094,0
sp|P41234|ABCA2_MOUSE,Abca2,ATP-binding cassette sub-family A member 2 OS=Mus musculus GN=Abca2 PE=1 SV=4,316634.1377,328866.7357,291539.559,273427.7621,261307.2257,207977.4547,258897.9568,230797.8862,333565.722,260952.3226,245518.5448,293695.7989,205507.0711,291036.8583,251997.3525,272173.4999,42217.03145,258802.6544,288834.5606,219988.2368,291999.5598,247613.2223,282408.9798,305642.7885,259040.7651,264857.9575,263096.4877,249033.4385,276621.7091,271665.0549,303598.7084,306058.1708,306836.0855,298903.3856,33324.37817,258802.6544,278406.9301,255676.6211,322243.4208,258907.7061,257895.9369,265828.6358,308880.4214,242405.6,229880.3925,294134.6739,257675.637,219674.2016,233460.57,243812.8688,249475.7737,257260.2785,55501.78102,258802.6544,1
sp|Q8R420|ABCA3_MOUSE,Abca3,ATP-binding cassette sub-family A member 3 OS=Mus musculus GN=Abca3 PE=2 SV=3,100810.7004,128438.4438,127408.0225,125305.5676,126560.9949,113213.3182,125803.9256,123252.7745,124588.4765,123039.5346,124820.1153,132188.6475,119876.3261,125812.0829,131234.7519,136182.4807,18742.76776,130072.4961,121404.7278,131455.5821,133980.1969,136102.4149,135308.0207,129905.8755,136520.9555,130062.6218,138479.7781,129585.5354,122542.6741,143044.0671,134153.3158,138239.1751,141000.7841,132352.0643,14556.96748,130072.4961,136212.0623,146480.686,140136.7194,140412.4229,133454.3712,135611.9099,137802.1079,118538.8708,126161.2862,131070.8493,136000.5299,136128.6581,124555.0151,138998.3414,135905.9082,131344.3455,23605.63668,130072.4961,1
sp|Q8K448|ABCA5_MOUSE,Abca5,ATP-binding cassette sub-family A member 5 OS=Mus musculus GN=Abca5 PE=1 SV=2,299798.786,403028.1812,377949.7447,367216.0971,386158.7833,342177.3399,343902.1326,373728.9943,396697.1361,346398.4625,378733.954,384139.1726,333378.3412,383651.6196,384830.1787,436431.0075,43333.68937,392593.546,345306.1081,350438.7306,442848.1702,361478.4966,412395.8645,420246.9249,439341.6373,341389.8965,405910.4449,376220.9219,372653.4644,412135.252,453905.6889,496725.2623,473290.3855,392289.3624,34653.31644,392593.546,423047.3762,417290.837,480746.9469,410554.9163,416613.332,434273.4882,426805.9659,365339.6318,352284.3859,380939.9704,359326.7069,306766.2094,365657.1954,383548.3515,400679.3917,404811.657,60145.5827,392593.546,1
sp|Q8K441|ABCA6_MOUSE,Abca6,ATP-binding cassette sub-family A member 6 OS=Mus musculus GN=Abca6 PE=2 SV=2,25486.07439,26135.66252,24158.11564,20889.51647,20890.09651,22846.14759,22465.57634,22786.19411,23277.92145,20420.61948,25722.68483,22870.21566,20789.20381,20902.10692,23822.85612,26972.65899,6600.938441,25682.93829,20353.40728,20077.60369,27902.48592,18665.91459,25226.18677,22526.75764,24670.50786,24559.64383,23606.99319,22938.11558,22459.16593,22114.68555,23349.01875,27809.5027,27043.78092,20581.47291,6280.759747,25682.93829,31282.68146,29049.7519,36939.91805,29416.46226,32308.85846,35337.88163,28208.30997,28779.1529,29474.88997,30417.02932,27968.26808,24595.2629,22449.41197,28475.2317,28977.37929,31793.84167,6542.350947,25682.93829,1
sp|Q8K440|ABC8B_MOUSE,Abca8b,ATP-binding cassette sub-family A member 8-B OS=Mus musculus GN=Abca8b PE=2 SV=2,56814.9342,60938.19935,66083.14395,54671.60198,60814.91191,55863.26986,62823.84693,70429.82277,64755.2457,70999.25353,60355.24191,62598.70184,57473.64619,64156.74922,59067.79721,61172.64439,10707.49284,52014.17427,49129.27714,48053.43879,57300.89585,54310.58268,49164.92263,50737.7023,56065.7929,50012.97439,51216.85321,49460.52518,55055.35328,57496.68416,54864.53775,54807.96126,56589.76505,51210.60152,6248.347189,52014.17427,46457.59432,61487.40257,56920.74126,54767.60333,49777.17775,57553.7279,59481.08034,50695.10353,48046.20147,52428.71973,50516.70964,48355.74816,49233.71074,51595.9618,47790.71561,53786.20859,11726.1879,52014.17427,1
sp|P21447|MDR1A_MOUSE,Abcb1a,Multidrug resistance protein 1A OS=Mus musculus GN=Abcb1a PE=1 SV=3,24519.20527,23908.82878,29511.42615,25318.18547,28867.62207,21855.74318,21020.95892,35099.07038,20576.39607,22589.25047,23306.22223,25780.50421,20449.91811,25711.95243,20350.15242,29637.58203,2522.040975,22345.2054,16869.84539,15255.34291,21797.73791,16862.05227,18016.66718,15454.32402,21838.44715,15719.34425,17184.70511,18497.49577,18151.42043,22812.21271,19909.81112,23427.95742,21407.04894,17986.84586,2221.263711,22345.2054,21633.41992,22064.20686,23233.34594,20019.97581,18888.16661,26430.66638,22858.37504,19782.04135,17346.07582,23138.95769,15625.02059,16758.23233,19122.6563,17259.5045,16934.84876,20924.38721,4227.092109,22345.2054,1
sp|P21440|MDR3_MOUSE,Abcb4,Multidrug resistance protein 3 OS=Mus musculus GN=Abcb4 PE=2 SV=2,24519.20527,23908.82878,29511.42615,25318.18547,28867.62207,21855.74318,21020.95892,35099.07038,20576.39607,22589.25047,23306.22223,25780.50421,20449.91811,25711.95243,20350.15242,29637.58203,2522.040975,22345.2054,14463.29331,13736.90541,18133.65292,12861.20476,16057.23575,15376.4901,20991.7617,14184.14502,15694.3141,14686.03704,17632.27732,20969.51753,19037.4408,20649.04801,23552.07042,19095.91126,1876.941015,22345.2054,22185.3215,20971.41532,21473.70828,19702.07923,20801.89258,26625.87342,23827.32369,20750.52295,20195.95103,22887.16993,18762.97004,18585.64943,18196.57936,19696.95217,20305.14618,20769.80274,2524.950156,22345.2054,1
sp|Q9JJ59|ABCB9_MOUSE,Abcb9,ATP-binding cassette sub-family B member 9 OS=Mus musculus GN=Abcb9 PE=2 SV=1,27037.50475,22639.61489,24379.93035,23359.48789,26364.86021,21093.20655,21985.29102,27403.8201,21447.45796,20032.79151,21891.3141,25653.91979,22000.88023,23609.26254,21573.18941,26475.52738,4945.861364,22444.07898,23858.90478,23611.29706,26297.59234,22847.38509,21606.70892,25869.49712,21424.61115,25629.15997,20660.57473,21768.16743,26162.82099,19797.23808,26383.1942,25452.22352,24790.46137,24419.86958,2770.695624,22444.07898,20919.18644,21847.62335,20963.19507,21243.31802,20905.06085,23503.12887,21733.72175,20577.23334,19847.07651,24326.50568,19953.86907,20689.39995,21697.07036,22542.30513,21262.93176,20443.65224,4435.127453,22444.07898,1
tr|E9Q236|E9Q236_MOUSE,Abcc4,Protein Abcc4 OS=Mus musculus GN=Abcc4 PE=1 SV=1,20295.31178,23345.26435,23413.77639,24181.86894,23173.3497,18905.06622,23001.83689,24290.87839,20746.49742,26646.47969,30366.61267,32039.95088,30527.47966,26661.04908,31321.50583,27265.63347,13198.1,24646.64565,16646.2762,14308.29001,18280.22442,16819.5653,17237.42013,21277.24764,19653.11579,20620.43644,18521.52225,24278.80984,23261.7468,20453.29569,24160.22624,26524.01134,24669.29386,29296.24989,22576.14017,24646.64565,19525.19,25121.01392,21642.06597,26890.83172,21749.80475,22816.01921,24956.86795,25488.15351,18715.85695,23123.59117,20587.85153,26941.60767,19800.59683,24593.72612,20389.7049,22365.04996,10700.59173,24646.64565,1
sp|Q9R1X5|MRP5_MOUSE,Abcc5,Multidrug resistance-associated protein 5 OS=Mus musculus GN=Abcc5 PE=1 SV=2,31277.43148,36334.8384,32534.8904,33506.15083,31460.70517,26573.46131,30385.02386,31083.07323,31727.66118,27262.27386,29607.30714,33344.73891,27749.63611,32924.32642,32124.89752,37529.13013,5892.023766,36684.194,40297.16165,36544.96679,41426.01345,38101.08881,36951.42762,37851.27942,34593.6491,33825.25787,34856.98681,38058.47547,36798.24342,34841.31251,40598.09158,41801.32334,36927.03404,43325.72489,6731.595098,36684.194,39910.86189,41756.69926,47092.76592,40584.50754,37631.5627,44136.22924,44061.62684,37003.99086,35822.83468,39386.69607,34455.99761,32413.77626,36909.13867,38971.41203,35343.48421,38819.15418,8990.972806,36684.194,1
tr|B2RUS7|B2RUS7_MOUSE,Abcc8,"ATP-binding cassette, sub-family C (CFTR/MRP), member 8 OS=Mus musculus GN=Abcc8 PE=2 SV=1",14312.09549,12911.8516,10818.38898,9978.879408,9744.426487,13532.69975,16003.37605,14720.91281,16298.60125,14007.98022,16995.45929,15356.86017,14561.50654,15191.39225,14141.38796,18588.27983,2594.15941,16923.42266,15960.48666,17988.94554,14284.41489,15508.20561,15179.68227,14130.9844,14083.97088,12504.91297,14076.76296,12041.65594,15576.94859,15592.99376,15859.66599,16389.94758,14169.10833,13669.19905,3323.802138,16923.42266,14655.11424,14036.38468,13245.92043,12667.41475,11061.40109,11842.76624,17124.97129,13083.3449,12901.98461,14218.5848,11626.25685,15047.81195,10475.3743,14666.12189,14929.96153,14796.95225,13510.64342,16923.42266,1
sp|P61222|ABCE1_MOUSE,Abce1,ATP-binding cassette sub-family E member 1 OS=Mus musculus GN=Abce1 PE=2 SV=1,80213.10132,53179.29945,45219.16433,50582.96893,59085.57018,50578.59561,61744.97115,54414.39823,47291.762,50978.52593,50927.50156,40991.89847,71024.11846,57916.7783,71040.78867,46537.95036,35392.28677,46552.06581,42910.04455,39385.86683,46531.39377,43005.29938,48027.30342,53651.08617,38698.30835,46691.48044,69979.6239,47263.98657,78752.30125,52062.98614,47397.87511,41723.22287,55231.10763,40004.81413,4714.434443,46552.06581,57016.57201,35084.27174,44246.20653,33457.34104,37553.76068,53460.46268,31695.67108,54879.3365,45324.6763,45780.68517,65978.34229,86075.9447,45420.15097,55971.20028,34018.83316,60069.46385,35813.56701,46552.06581,1
sp|Q6P542|ABCF1_MOUSE,Abcf1,ATP-binding cassette sub-family F member 1 OS=Mus musculus GN=Abcf1 PE=1 SV=1,19476.30464,16262.45476,14736.32499,16174.56817,16070.34075,25100.78678,21059.26562,16064.37902,16141.33885,14514.16556,18592.29869,15612.67214,22222.36113,16323.85947,20523.4494,19336.21506,9772.106384,23262.00527,19340.00614,22228.54534,17634.40616,24163.14936,18459.60902,19043.179,22103.61129,27342.60529,19088.04482,29996.70824,24040.12177,19043.0369,19564.37629,22412.7216,21488.46198,20620.6081,7902.882854,23262.00527,22834.46028,25510.58852,24169.6087,21983.41554,23709.21176,21394.07674,23842.28045,36683.38794,29794.59356,27107.39874,26595.62033,28141.01639,33390.09191,24173.42417,22580.5425,25285.88082,19289.58812,23262.00527,1
sp|Q99LE6|ABCF2_MOUSE,Abcf2,ATP-binding cassette sub-family F member 2 OS=Mus musculus GN=Abcf2 PE=2 SV=1,22487.83465,14905.49407,14302.53701,15198.11673,16883.24223,22697.06952,18430.31741,17105.53279,12925.1961,13683.51929,14082.32101,13820.50214,24409.3166,18880.92297,21497.7793,16221.01935,4972.276479,17152.97953,19422.99286,21837.31602,13804.83164,17163.72466,13202.34676,11663.01652,18063.20454,18853.74576,17640.00267,11283.40303,20351.24806,11751.95719,13964.33025,14265.43665,11969.78456,16372.95511,2492.723376,17152.97953,15848.92346,14208.16071,19417.41898,13065.34529,10764.06517,25147.96442,12353.67019,38219.68811,28466.16579,18968.71211,21893.9485,23752.21716,25998.43215,15882.11214,9977.947139,17599.94095,8288.158015,17152.97953,1
sp|Q8K268|ABCF3_MOUSE,Abcf3,ATP-binding cassette sub-family F member 3 OS=Mus musculus GN=Abcf3 PE=1 SV=1,27527.27987,17369.16954,12381.50655,17182.77684,18904.31775,34421.22967,16562.33495,15236.55278,16122.58882,16345.12111,17863.17273,12652.51502,32344.23569,21547.69101,26936.23819,18272.12988,10187.06921,17544.26939,13263.13415,18651.13442,12471.64821,13250.36166,14272.97061,12926.1854,15711.20965,17789.14975,13146.14446,7560.793939,18711.82956,12799.30625,12523.68564,15681.90302,9711.054089,11845.85581,5576.128505,17544.26939,14295.4591,11763.58688,14878.22241,12443.71762,10062.64604,20781.01957,11255.18715,31748.88727,27219.13382,15267.22656,21067.53924,23063.37999,24781.21938,17488.61524,12458.87347,18805.95291,12065.5833,17544.26939,1
sp|Q64343|ABCG1_MOUSE,Abcg1,ATP-binding cassette sub-family G member 1 OS=Mus musculus GN=Abcg1 PE=1 SV=1,32673.52597,36712.04094,27926.73452,25410.479,26636.07025,22603.77676,25736.04244,28796.6172,29860.99629,28157.7613,23932.73447,26782.07972,23264.46634,26728.80568,26395.61115,24119.99003,5291.854977,25956.29188,20702.64807,21917.3704,26075.1527,21536.68199,22446.53578,28204.54574,23687.85783,25266.57529,20537.83029,21603.7978,26622.6175,23538.85365,24211.16933,21467.20577,24142.63497,24600.80365,3369.29246,25956.29188,32177.31401,30993.45463,24397.3367,30235.30142,29185.30195,31243.42585,23755.9701,24399.51727,20544.49217,28828.14809,26663.46925,31309.06407,30042.03812,39321.28744,27584.56711,26276.95127,15161.89251,25956.29188,1
sp|Q99LR1|ABD12_MOUSE,Abhd12,Monoacylglycerol lipase ABHD12 OS=Mus musculus GN=Abhd12 PE=1 SV=2,144966.2889,128962.6385,124149.0227,131270.484,126830.9844,142367.1879,120750.4502,127800.2076,141759.7821,133275.0194,139616.9779,138359.5927,134292.6999,127160.9018,131093.5711,119647.4453,32000.57593,127695.9656,120024.3297,120003.3619,137719.0986,132559.2523,135395.2738,165460.6683,124608.2408,140146.2667,133885.5305,140807.1329,126372.1562,136989.2047,134780.4926,138299.6703,146810.9449,130264.2334,23238.28183,127695.9656,127542.6076,107467.2459,119297.0618,121285.8339,121361.051,134626.2493,133224.6783,124568.0857,124143.495,118035.8962,115120.2775,111650.5624,116937.8224,127691.2598,136326.5346,136001.8557,40240.43453,127695.9656,1
sp|Q9Z1Q2|ABHGA_MOUSE,Abhd16a,Abhydrolase domain-containing protein 16A OS=Mus musculus GN=Abhd16a PE=1 SV=3,220954.7227,198597.1626,193208.2167,205116.7258,191174.7401,193041.3924,153992.3683,178739.7505,211666.582,182545.8992,192193.1423,177027.9784,169763.5969,171785.8132,191530.064,153186.1047,53619.11698,177104.0615,143297.2013,146147.3014,189178.2106,154433.092,156164.2367,220520.3509,157651.3467,165235.248,170308.8921,200723.2599,172390.0078,164475.7467,182873.436,174015.4792,204186.9158,177891.7763,46140.00969,177104.0615,162185.4329,145594.7848,161953.1328,158250.5167,175119.1665,182369.6106,178558.8717,174042.9227,172273.1679,162863.4734,166518.6323,152242.598,171721.5774,166711.6459,187169.9998,172228.2742,76455.61667,177104.0615,1
sp|Q99JW1|AB17A_MOUSE,Abhd17a,Alpha/beta hydrolase domain-containing protein 17A OS=Mus musculus GN=Abhd17a PE=2 SV=1,200494.7554,194778.8097,183862.4641,172627.524,183062.2349,166459.9433,185392.7501,203324.8206,197180.2761,188942.0898,177063.8158,185242.4108,176091.6831,191709.6038,202258.0542,219772.5539,21067.98906,196571.1211,214928.1173,218489.003,230026.0695,214228.6918,223260.4952,210419.8912,210340.7642,205579.6597,214192.3679,205249.2767,211470.3789,205022.4124,192719.1713,211245.3516,211736.1792,212274.7166,29214.98112,196571.1211,187330.7403,180553.3019,182628.2739,173343.4548,170319.5657,167175.5529,170842.324,145610.7567,155056.1236,175150.9246,168773.8644,158769.5039,152169.0806,162653.2453,171347.9932,172800.2785,29721.7699,196571.1211,1
sp|Q7M759|AB17B_MOUSE,Abhd17b,Alpha/beta hydrolase domain-containing protein 17B OS=Mus musculus GN=Abhd17b PE=2 SV=1,201127.3721,201933.1886,196348.3909,171451.3516,192889.5477,166974.2745,215127.5895,217398.1321,207945.6825,216389.8385,181088.3943,186878.2348,176465.5095,190702.1994,212058.4367,221012.064,22669.15962,194199.9823,234746.2044,227729.3476,234087.7769,230842.363,240058.3487,209622.5263,217036.8413,226736.0389,221944.9719,205382.2135,221500.7173,220370.8914,191762.5129,215819.6191,192554.5791,220120.8764,31598.12925,194199.9823,212366.2048,212261.0676,208346.4761,213225.0178,200709.4601,189790.3233,184810.2025,173037.5121,170150.8817,195676.9865,190695.8208,190871.9771,175144.2333,204248.4057,186661.1527,194552.561,37558.46907,194199.9823,1
sp|Q8VCV1|AB17C_MOUSE,Abhd17c,Alpha/beta hydrolase domain-containing protein 17C OS=Mus musculus GN=Abhd17c PE=2 SV=2,115143.4182,115146.735,109492.7692,103510.7611,111158.7963,92618.90005,116748.6306,116697.3398,115604.3947,113471.0528,100959.5709,97424.25657,101439.2478,104073.3859,114427.375,102811.6151,18737.1368,105177.1233,114152.9901,128002.3287,127002.6084,125415.7629,124399.2872,106639.7544,111314.4529,116121.4989,120189.2746,113111.5015,109883.6731,111613.4617,108128.9539,104810.3668,108624.9359,123717.3621,10629.36041,105177.1233,104823.7066,105614.4238,105693.3536,102284.0834,105405.9447,97435.25143,105114.0028,82178.56723,85792.61888,103719.2139,101242.702,96471.12858,85304.90084,95107.95691,103280.0925,89243.07062,15937.90139,105177.1233,1
sp|Q8VD66|ABHD4_MOUSE,Abhd4,Abhydrolase domain-containing protein 4 OS=Mus musculus GN=Abhd4 PE=2 SV=1,117943.4054,108390.4812,123978.6988,109366.9499,104246.8017,161681.5653,120301.7368,111350.2177,100387.3837,143651.6209,144002.9627,97401.39212,121735.8631,94287.91331,105488.6847,104910.6634,43107.92722,116384.804,106053.6338,103613.8988,105281.7247,113822.7945,132492.4662,104590.5225,91241.10231,135612.8821,130534.9924,92781.27024,86413.19756,109787.7051,104000.9792,102620.7214,111775.6197,93345.00071,19537.88128,116384.804,81375.06369,119294.5454,87742.54839,108449.9454,100354.4645,105274.9894,117498.1878,121260.9948,138927.0164,87750.3204,108784.2936,114766.9277,106996.7292,93605.24597,109960.7749,100632.677,33232.98027,116384.804,1
sp|Q8R2Y0|ABHD6_MOUSE,Abhd6,Monoacylglycerol lipase ABHD6 OS=Mus musculus GN=Abhd6 PE=2 SV=1,80175.14052,78883.38623,77390.9178,89556.48065,89616.74476,83066.57676,75701.59685,83322.53516,83033.69786,86035.82839,73022.75018,72839.02286,70207.37206,70324.64836,79931.45912,81201.17667,22764.68122,76038.52978,84020.50656,89026.03152,95890.14297,95809.76547,97738.14404,96812.68071,93814.00262,87536.63727,95716.47383,87237.55012,85152.15987,84900.21584,80409.35374,76724.97374,92230.33628,87799.3772,15411.042,76038.52978,68717.03818,63031.27653,63979.79857,69139.91979,76165.23348,73848.5113,72847.41167,68956.502,73414.90227,65134.98229,67342.68315,67109.03368,70411.29751,77149.3846,76673.38317,74269.9337,26218.55215,76038.52978,1
sp|Q8CBW3|ABI1_MOUSE,Abi1,Abl interactor 1 OS=Mus musculus GN=Abi1 PE=1 SV=3,49539.66774,39407.56412,39240.56736,41080.19597,43431.88518,58614.33358,43557.63087,45364.65184,38761.61143,37660.55058,44918.98708,40570.8117,53374.30242,48393.55404,49434.47788,44888.37275,19618.82916,44937.23764,38946.16467,57496.05181,40722.73492,42700.05846,42779.67033,41686.73665,48760.47548,48123.96121,41996.55275,36769.79176,52099.25538,35510.4534,39240.17913,38892.51329,36588.29406,39032.70269,11705.5717,44937.23764,46520.68679,41018.14519,42114.61961,34615.61653,36365.80999,46332.02434,37999.01001,63850.13484,59200.81703,39701.40664,50448.9971,56095.46568,52015.82059,51718.92598,39936.43132,52184.67567,19418.08084,44937.23764,1
sp|P62484|ABI2_MOUSE,Abi2,Abl interactor 2 OS=Mus musculus GN=Abi2 PE=2 SV=1,69821.22992,52030.31758,51894.90985,57005.79491,56568.17023,84406.07922,57525.9662,57145.46853,47514.79493,46869.43724,57412.94645,53981.70892,73922.30705,63838.28314,67392.64716,58221.64926,21063.6141,60677.87666,55145.66809,82998.81311,55547.53565,63673.95552,59267.88178,54429.45342,69936.90816,68555.88893,54795.49624,48985.55436,71869.73469,48889.40876,53032.71945,55288.05569,48209.65984,52546.321,13715.54507,60677.87666,55273.61506,50205.01728,58674.84284,45663.22417,45754.19503,62847.84893,45117.4319,86930.58983,82174.28368,53509.22801,71970.74484,80218.42519,68860.86434,59613.67656,48945.28027,63166.92049,23915.40204,60677.87666,1
tr|A0A087WRS3|A0A087WRS3_MOUSE,Abi2,Abl interactor 2 OS=Mus musculus GN=Abi2 PE=4 SV=1,69821.22992,52030.31758,51894.90985,57005.79491,56568.17023,84406.07922,57525.9662,57145.46853,47514.79493,46869.43724,57412.94645,53981.70892,73922.30705,63838.28314,67392.64716,58221.64926,21063.6141,60677.87666,55145.66809,82998.81311,55547.53565,63673.95552,59267.88178,54429.45342,69936.90816,68555.88893,54795.49624,48985.55436,71869.73469,48889.40876,53032.71945,55288.05569,48209.65984,52546.321,13715.54507,60677.87666,55273.61506,50205.01728,58674.84284,45663.22417,45754.19503,62847.84893,45117.4319,86930.58983,82174.28368,53509.22801,71970.74484,80218.42519,68860.86434,59613.67656,48945.28027,63166.92049,23915.40204,60677.87666,0
sp|Q4JIM5|ABL2_MOUSE,Abl2,Abelson tyrosine-protein kinase 2 OS=Mus musculus GN=Abl2 PE=1 SV=1,24558.89843,24051.95184,22194.80684,22283.12276,22430.89113,30546.13518,23655.64551,21233.9675,20540.35189,20890.97391,22326.58098,23511.07051,27138.79916,24668.3463,23508.99192,30313.54788,7963.381778,25112.37917,21286.07154,23369.78061,23983.65436,22613.50264,23077.8768,19448.67882,27422.08803,26481.6558,24763.69272,19211.08505,26917.63325,24030.17384,22474.31939,24071.24641,20663.73054,25272.99947,5790.013903,25112.37917,22172.15036,27747.13424,24461.64349,25028.17731,16734.92058,29505.51456,20488.41213,34677.51026,31257.59136,25574.44339,22627.16063,23086.5203,37276.96813,20939.20973,17889.72001,23484.44548,12050.36879,25112.37917,1
sp|Q5SSL4|ABR_MOUSE,Abr,Active breakpoint cluster region-related protein OS=Mus musculus GN=Abr PE=1 SV=1,138613.2435,106598.56,104763.4393,118810.2043,114095.2155,255268.0765,125209.1588,106750.5802,103242.84,111503.464,158656.2294,122535.2185,199108.955,143218.6412,149831.9532,148573.3748,94460.85061,142311.8203,126030.6996,172304.3562,88052.8709,125306.7658,104185.1554,116107.2149,113998.3556,151433.8807,100822.7301,66740.49841,163255.2526,112456.4962,106641.3557,126702.336,108221.3393,92791.0932,57665.51951,142311.8203,119116.6408,94935.92281,116470.1141,99354.07084,77469.33469,168592.7777,105232.2601,254910.231,245734.2465,133267.3386,176100.6872,215455.4201,211230.629,157814.276,149562.0546,177074.5808,106935.8791,142311.8203,1
sp|Q921H8|THIKA_MOUSE,Acaa1a,"3-ketoacyl-CoA thiolase A, peroxisomal OS=Mus musculus GN=Acaa1a PE=1 SV=1",12255.00791,11187.11519,10971.01266,12596.50866,10393.81571,19476.40671,11761.50493,11455.21736,10847.86361,12049.6442,9434.31001,10418.19347,11833.03497,8789.866202,9336.587933,11711.63101,2770.512,13639.3027,15505.7992,12768.98134,21865.95172,18324.39974,16632.98486,16119.49099,17566.57004,14438.38866,13685.35499,14385.23538,12690.90192,16345.75444,17519.90358,17070.99824,12848.23814,14786.59923,1988.852465,13639.3027,11421.88894,11368.94271,10497.78959,13032.58985,8271.573864,14246.36003,12177.2887,17441.47811,13261.74076,10908.79242,11546.50179,9757.6698,11332.63558,12423.27845,12698.1739,14192.99018,4087.259954,13639.3027,1
sp|Q5SWU9-2|ACACA_MOUSE,Acaca,Isoform 2 of Acetyl-CoA carboxylase 1 OS=Mus musculus GN=Acaca,288862.8127,301875.5338,294531.4866,276690.3245,306032.2298,234165.7266,354962.0546,286820.5083,272069.3063,296258.0935,236956.4127,268680.9758,246675.8289,311709.5576,323149.6724,283762.7088,44987.36438,284750.3143,254990.304,257624.0903,282590.5656,314826.5892,308964.7026,295145.063,275459.3162,318868.824,296617.3228,302079.4897,289042.673,298324.4595,298299.3752,322670.4071,266724.0441,297962.985,31224.01171,284750.3143,307025.1061,314134.5503,324184.4967,310344.5537,317575.4556,290588.3234,278865.3931,296949.2535,256488.7963,302343.2614,334025.0912,321144.3413,272702.7346,289551.0553,254527.4304,282203.4237,56511.70992,284750.3143,0
sp|Q5SWU9|ACACA_MOUSE,Acaca,Acetyl-CoA carboxylase 1 OS=Mus musculus GN=Acaca PE=1 SV=1,289466.1699,300689.7767,294614.1745,275797.3016,305881.6701,235670.0381,353793.7132,286315.3223,271581.9354,295724.2442,237258.3254,268545.7824,248255.2993,311114.5006,323201.015,284027.2433,45147.83824,284082.7122,254132.9295,257209.2881,281702.2621,313514.234,307836.427,293518.6082,274802.1221,317928.3483,295362.3523,301449.783,288386.18,297656.5117,297617.281,321727.9359,266556.8338,297457.9061,31242.17714,284082.7122,306977.2947,313266.2025,324024.8198,309931.2381,317343.793,290174.9548,278308.3989,296829.8875,256591.7213,302131.9231,333919.0319,321095.7073,272564.0215,289315.4009,254617.5801,282046.7795,56465.37874,284082.7122,1
sp|P50544|ACADV_MOUSE,Acadvl,"Very long-chain specific acyl-CoA dehydrogenase, mitochondrial OS=Mus musculus GN=Acadvl PE=1 SV=3",458402.7152,642395.4453,673641.9785,625281.6011,687299.5857,1063656.304,621729.9605,595232.747,468613.8748,586345.5793,1335422.885,435455.7674,948293.2727,482677.3929,440679.9592,573636.1981,79424.36803,527422.3383,304805.7544,514959.4721,458709.5991,328305.3341,401850.4788,367418.3658,497096.0546,320451.7656,357131.8733,301881.6454,396053.0119,424460.6866,492033.2951,493861.5129,580839.3035,308010.9365,42994.1934,527422.3383,383057.5678,500158.1075,490773.309,360420.8137,437720.1418,496119.6896,687340.985,633466.6865,922267.9292,364705.3304,394175.6915,561542.4945,629162.9674,451752.7599,635385.5557,403880.8971,78318.60627,527422.3383,1
sp|Q6ZQK5|ACAP2_MOUSE,Acap2,"Arf-GAP with coiled-coil, ANK repeat and PH domain-containing protein 2 OS=Mus musculus GN=Acap2 PE=1 SV=2",106687.6474,101463.649,92635.28105,97143.95104,95970.35456,101492.1439,89870.73279,102689.998,82811.84183,100508.9185,102458.6342,99758.30945,102367.0554,103370.0053,105343.8971,102550.4886,21277.66127,100352.4478,87126.82675,117725.0871,66298.10176,89350.29251,72339.59356,88506.38066,96991.67866,107154.776,93118.18981,63931.03901,118090.0523,86889.02623,91029.38221,100357.8528,83942.24648,78975.20676,44701.42043,100352.4478,85326.57321,72985.09577,86173.3833,71746.32682,56604.73784,113057.8079,78583.58753,175903.5978,167210.507,86805.94073,124861.9375,135734.0423,137762.4673,96816.13553,97270.92002,117494.4643,67130.84091,100352.4478,1
sp|Q8BMP6|GCP60_MOUSE,Acbd3,Golgi resident protein GCP60 OS=Mus musculus GN=Acbd3 PE=1 SV=3,30003.27795,29440.67057,28652.60242,27653.68505,29027.73849,33717.29161,29562.44917,29600.8039,26029.45052,28124.36654,27849.75101,24320.6029,32797.50486,29739.49222,31565.01754,28524.93484,5963.415609,26212.55302,22062.80767,24510.33916,23729.01651,24353.27682,22915.94418,25534.53008,24011.20976,27646.89783,27951.04836,17369.9877,26347.83056,23965.39143,24677.92576,24948.56187,19194.41737,20475.49854,3151.228084,26212.55302,23699.04866,27397.88125,26925.52213,26415.48387,21942.41833,30378.0311,24544.7623,28128.08637,31197.83305,26285.91855,26333.04161,26692.6638,24114.55876,29381.41107,24126.91522,25293.6288,9821.662029,26212.55302,1
sp|P09470|ACE_MOUSE,Ace,Angiotensin-converting enzyme OS=Mus musculus GN=Ace PE=1 SV=3,52705.25985,59350.98386,56266.52832,51195.32123,52121.18186,50309.77197,53604.48101,57082.74345,53479.18836,52654.90825,56066.93767,50826.71787,44315.93354,53747.58322,52885.10162,65103.34999,7190.825813,54844.54498,49409.5627,50487.72632,63265.03685,54350.24252,61737.47442,54225.53535,57748.75761,46634.23637,56087.22903,49927.33465,49179.03844,54997.65537,57077.89129,64224.36762,59128.53809,52988.77346,6942.5965,54844.54498,53342.44148,58844.74853,63766.14199,56465.31844,53357.04575,56975.6081,65587.85881,52976.75778,54407.71538,53203.02944,54573.20838,49607.95266,53281.65981,48578.16458,54906.7709,53983.28976,10308.94347,54844.54498,1
sp|P21836|ACES_MOUSE,Ache,Acetylcholinesterase OS=Mus musculus GN=Ache PE=1 SV=1,19810.32996,17040.72651,15977.68023,16081.86033,19411.09721,19486.2496,14143.56087,16939.54441,19901.37975,21493.5951,19348.79201,18027.98752,15717.81915,17300.88635,19624.77417,15778.94662,5283.463171,17794.19533,17626.29783,16346.68375,19860.31577,17019.51205,18273.44775,20906.84363,16982.54157,18788.4138,16720.36578,19282.42217,18593.16315,15928.14428,17165.01188,20894.46632,21039.70038,17951.82199,4310.276063,17794.19533,16096.02907,14650.18426,19477.66703,18144.23063,19259.06566,17694.86075,19850.89367,17265.47596,18853.31035,18426.41815,19833.71621,16637.38222,16224.76753,18281.5457,19754.70745,17672.99172,7767.724443,17794.19533,1
sp|Q9JIX8|ACINU_MOUSE,Acin1,Apoptotic chromatin condensation inducer in the nucleus OS=Mus musculus GN=Acin1 PE=1 SV=3,57342.81048,50268.6532,57585.84486,64268.09038,60344.53209,69721.02984,59420.71718,54257.61674,53936.63961,64582.18818,61878.18206,56261.45808,78969.29147,62435.7493,60534.93413,63181.17977,15689.39538,53540.03465,32195.85427,45352.90403,44637.75526,52652.90642,41427.60526,57726.69425,60022.61896,52592.67876,65622.97611,108971.4158,47795.92793,68084.78757,43005.7824,49289.85265,55828.52312,39883.4948,11175.18493,53540.03465,44767.16633,60255.30468,53030.70613,39815.00825,86719.58321,55389.30747,62240.46246,50070.93506,66879.08914,46722.91131,52016.99842,46053.25868,57205.37746,72692.40208,73801.62133,68917.67161,23255.3725,53540.03465,1
sp|Q9JIX8-4|ACINU_MOUSE,Acin1,Isoform 4 of Apoptotic chromatin condensation inducer in the nucleus OS=Mus musculus GN=Acin1,57003.40379,50567.34571,57958.20249,63405.9008,60971.19366,69518.29581,59792.1691,54519.80832,53241.23308,63955.08465,62358.06789,56459.67895,79829.02261,62899.98693,60354.87017,63097.91382,15553.30262,53265.95918,32031.04127,45120.7391,44409.25123,52383.37222,41215.53422,57431.18695,59715.35865,52323.45287,65287.04715,108413.5829,47551.25697,67736.25642,42785.63256,49037.53418,55542.7327,39679.32818,11117.97832,53265.95918,44336.17354,59031.91085,52916.47794,40420.90231,83841.99546,55806.90583,61245.46422,49712.7438,65571.73789,46654.34477,52353.49174,46434.34022,57222.29933,72323.53176,72396.06295,68775.86734,21030.14894,53265.95918,0
sp|Q91V92|ACLY_MOUSE,Acly,ATP-citrate synthase OS=Mus musculus GN=Acly PE=1 SV=1,87565.19984,68625.75825,64937.14629,73048.3323,79620.0731,64819.76485,87026.58387,74339.19448,52895.79383,59723.46994,54726.71845,67453.72742,87902.32194,81746.43871,91747.33141,69369.16253,41119.26509,78985.52875,90040.45668,105116.7651,67233.09879,92480.13775,92060.96821,66923.81737,79332.71143,79891.34482,61016.67892,61279.49127,102617.278,66868.94345,79432.82703,76029.57373,62423.60473,73286.00789,29157.58202,78985.52875,80138.20649,76755.30198,84685.64239,70425.56534,68964.83042,95281.0357,66975.97327,88578.20574,78569.30964,88537.8671,101058.8396,116152.5545,70592.35489,83358.74654,69271.12516,87165.48365,57355.01622,78985.52875,1
sp|Q99KI0|ACON_MOUSE,Aco2,"Aconitate hydratase, mitochondrial OS=Mus musculus GN=Aco2 PE=1 SV=1",46485.72237,35468.84983,35983.23533,49332.97189,36968.47511,75444.83494,38188.48367,43222.99778,60722.66699,41055.97571,35259.07083,39349.92485,39527.1368,32416.70828,30343.23636,39143.36258,15390.63551,39467.82817,28253.58659,27902.75497,28565.11214,27730.66456,27821.29731,35414.08513,30715.02704,35315.44156,43040.47425,171281.0974,31885.69703,52084.79111,42736.61955,28092.01049,31913.4897,29581.72426,8842.355087,39467.82817,25452.66709,23249.95916,26244.12259,22555.02659,71499.09142,47049.10061,56354.94899,82686.5435,43306.61751,52638.87741,29510.36057,34896.61881,38588.00966,42111.22882,33573.50521,39241.24636,19190.72977,39467.82817,1
sp|Q8VHQ9|ACO11_MOUSE,Acot11,Acyl-coenzyme A thioesterase 11 OS=Mus musculus GN=Acot11 PE=2 SV=1,1182434.979,1289958.106,1253988.488,1419324.656,1160257.566,868411.3837,1229862.387,1069181.19,878329.2588,1396974.249,1027904.841,1075775.406,931889.7661,1021976.428,1208672.338,925338.7431,145481.0904,1009971.208,932763.4989,984438.0997,926982.0605,938078.5808,1087713.931,1039658.522,1003115.511,1524166.45,1115315.843,866476.324,924286.8266,1116172.918,1022501.901,803238.4478,882406.1184,973630.9115,93218.61832,1009971.208,937095.8327,1083189.569,830467.3005,1213571.83,824386.8082,1096924.24,875317.8202,862917.4334,775246.2213,1081976.703,1081403.434,1158082.458,863399.1704,992044.2369,998125.3811,707991.5706,134738.5765,1009971.208,1
sp|Q91V12|BACH_MOUSE,Acot7,Cytosolic acyl coenzyme A thioester hydrolase OS=Mus musculus GN=Acot7 PE=1 SV=2,63453.27853,44449.45736,37200.83465,41413.75583,51264.37315,37028.31789,59375.65445,59275.43104,27264.39728,37026.49804,31817.46494,38646.41078,90183.9986,50237.07524,51897.79069,38958.70813,30471.88322,42944.29042,43577.66425,71232.20065,45315.80325,56673.49572,61821.66913,48729.84122,62109.92172,49479.09625,46213.36374,36636.09954,68281.8279,43358.52916,40262.01924,40319.69992,32867.54067,37378.44288,8552.957002,42944.29042,40375.00616,31374.05438,39042.27232,29546.67679,18366.30891,35785.59497,23661.69146,56456.53181,36973.27338,29892.60536,41000.34418,62440.27821,32556.8384,34437.23781,23113.93385,45049.05854,10553.77029,42944.29042,1
sp|P24638|PPAL_MOUSE,Acp2,Lysosomal acid phosphatase OS=Mus musculus GN=Acp2 PE=2 SV=2,106864.0269,103712.0239,99686.67577,97585.9425,96415.14925,74988.25337,77991.7363,75341.48683,117573.3529,91713.59249,88115.28677,99028.08697,76408.9847,98051.23571,88282.05397,93972.97769,16354.91819,86080.52194,106309.3761,91434.92067,96968.62665,88598.18504,85841.72909,113782.1605,85903.64765,95009.62397,80984.85912,79078.09884,91112.97379,81703.12593,103068.8226,90717.92804,93667.99175,104592.5227,11623.73582,86080.52194,83658.64684,75422.88358,85718.59845,91564.31324,79782.13938,88999.63217,91814.64078,72173.59481,79412.92163,83154.97344,80520.28146,76919.49654,78547.92651,76421.69665,74188.39117,83716.32735,18976.99441,86080.52194,1
sp|Q3V140|ACRBP_MOUSE,Acrbp,Acrosin-binding protein OS=Mus musculus GN=Acrbp PE=2 SV=1,46356.59126,40622.64515,37329.79326,47961.96807,34135.19711,99330.87179,37697.63594,31910.88126,38537.79962,38716.94741,61942.74647,46965.88271,67781.83245,45115.41846,49389.83879,56099.69311,11298.52,38163.26469,20767.57013,34918.57365,14260.53109,24565.87116,24076.44972,23390.19594,24449.25978,33405.52624,24432.98598,14662.60554,32146.24069,29306.26628,21565.11544,28232.72734,26932.87806,20754.48213,7537.29259,38163.26469,27086.92289,23874.79914,31907.41099,20759.8951,15837.12475,46524.77596,29144.8362,76006.90207,69816.94314,30012.52853,41895.81025,47649.52417,61416.99891,34506.13748,41632.06842,53916.67419,20370.04591,38163.26469,1
tr|D3Z2G8|D3Z2G8_MOUSE,Acsbg1,Long-chain-fatty-acid--CoA ligase ACSBG1 (Fragment) OS=Mus musculus GN=Acsbg1 PE=1 SV=1,282301.4397,273501.5902,293596.8844,301119.2895,253875.5713,157893.0597,300789.6911,253175.2825,248463.7916,298088.5986,204968.3971,279745.2337,192824.8974,279704.4686,277056.0607,246737.5938,28194.36791,272196.9321,327219.9865,282098.9604,289331.8893,260870.1091,281348.2613,267304.9658,255320.9887,357483.995,293627.9756,244769.9253,258640.0212,289971.1606,291162.3293,269808.834,214195.9315,268312.8746,28773.13726,272196.9321,315331.166,370399.3942,313216.0588,326072.3148,295522.599,269617.3699,261401.3543,245243.2543,207563.286,300352.7055,307830.3211,326142.551,242137.6253,268819.9535,210019.9496,247116.4214,37714.725,272196.9321,0
sp|Q99PU5|ACBG1_MOUSE,Acsbg1,Long-chain-fatty-acid--CoA ligase ACSBG1 OS=Mus musculus GN=Acsbg1 PE=1 SV=1,4494161.243,4835771.047,5243130.104,5412371.468,4392363.567,2788441.597,4994209.622,3945922.749,4399157.08,5130322.273,3190715.492,4399580.021,3101215.847,4386881.322,4343667.363,3638092.719,476125.757,3792216.554,4226743.584,4032196.638,4079397.933,3471294.574,3679252.086,4310770.305,3502626.376,5153954.642,4010755.435,3471047.871,3908854.072,3952702.652,4693093.142,3862573.556,3065179.947,3830764.513,443293.1114,3792216.554,3860814.896,3997902.522,3842269.351,4204796.325,3955747.346,3929905.781,3352734.052,3445904.257,2939205.717,4122762.327,4556584.188,4709619.261,3529985.133,3712371.578,2979443.936,3201504.821,545013.0949,3792216.554,1
sp|P41216|ACSL1_MOUSE,Acsl1,Long-chain-fatty-acid--CoA ligase 1 OS=Mus musculus GN=Acsl1 PE=1 SV=2,626334.041,988921.8293,719203.484,888627.9445,980352.2169,475546.0114,866497.1857,720245.5901,1015184.302,906587.2237,561080.1858,796326.8373,800746.2825,821445.9027,969035.0969,653131.1636,88311.92042,679460.1403,561641.3963,1192722.737,662025.8554,599243.6699,556819.5998,624557.4301,527731.5692,575612.2205,461727.3746,583408.6785,680571.2359,542521.18,833769.0184,724534.6695,489114.9817,871951.3881,61326.55363,679460.1403,791410.3799,563523.361,737485.5402,699190.7217,665200.6636,589474.7918,541374.7129,611734.8404,480023.9955,919836.6864,799266.4034,1095387.605,625418.6018,855519.3503,468482.5284,539671.1276,89978.9479,679460.1403,1
sp|Q9CZW4|ACSL3_MOUSE,Acsl3,Long-chain-fatty-acid--CoA ligase 3 OS=Mus musculus GN=Acsl3 PE=1 SV=2,94976.8704,91675.58894,85127.6675,98964.55351,88340.08301,115407.7521,75674.61356,70767.62079,97563.55484,94516.29843,114736.4112,88918.57404,105365.5719,82140.86815,77814.17388,96799.23817,16882.43519,82954.85378,60532.87853,80040.27267,69603.27065,72231.6335,64105.84931,87717.24492,72645.91912,76326.95094,78124.85055,76092.07329,63679.20501,83711.61349,79355.32787,71741.93164,109160.476,69128.2083,18407.25482,82954.85378,70242.67758,65455.76055,71538.59806,67793.87055,81162.49004,93901.66755,97536.6251,88531.1421,103311.9522,74799.00063,72778.91512,85772.00721,89560.19956,86342.97885,114796.2282,83311.75405,25802.72724,82954.85378,1
sp|Q9QUJ7|ACSL4_MOUSE,Acsl4,Long-chain-fatty-acid--CoA ligase 4 OS=Mus musculus GN=Acsl4 PE=2 SV=2,54337.36,46801.51683,50406.88139,51064.25343,50318.5883,56521.91063,45250.36525,43885.94752,48966.95676,51228.52151,58780.59945,51253.76785,59088.96887,45451.43837,48435.43165,49896.03158,9646.918544,43055.30068,35318.72845,47286.96725,37751.52211,37383.40692,36665.75188,46952.96955,38609.54563,45117.1843,41957.08449,38325.08129,35049.86848,42173.27182,40997.30251,36731.38879,53945.91459,37014.1185,6443.764409,43055.30068,38582.25519,33962.43396,35770.35937,38147.39924,39572.87412,47194.41681,46865.07835,48989.64474,50801.19929,45184.88582,39778.36936,49112.38189,45798.94401,47581.06427,57578.97525,43565.72683,15016.4922,43055.30068,1
sp|Q8JZR0|ACSL5_MOUSE,Acsl5,Long-chain-fatty-acid--CoA ligase 5 OS=Mus musculus GN=Acsl5 PE=1 SV=1,129017.1934,157646.2431,127046.7498,152192.3308,151833.8956,105354.313,147044.2769,135094.1605,176142.4716,152021.7272,113828.1622,133287.0666,132368.7865,133225.3121,148264.4734,118375.4584,21531.73327,128414.6329,114057.7644,178237.0207,127239.6662,123231.5599,114101.3629,139238.7641,109503.2401,125617.691,105282.2576,120012.8441,120974.2654,110674.675,141340.0725,127943.713,109048.0845,142397.026,15268.29631,128414.6329,141258.4709,112775.5008,129016.9664,136328.417,129210.3002,124367.7289,116737.0114,124336.1051,106320.2736,160024.3076,135903.9098,168276.2276,123885.7959,154936.0172,108474.0327,114036.4713,28847.01371,128414.6329,1
sp|Q91WC3|ACSL6_MOUSE,Acsl6,Long-chain-fatty-acid--CoA ligase 6 OS=Mus musculus GN=Acsl6 PE=2 SV=1,358617.129,345511.401,315772.1618,365343.6432,321321.398,346608.1803,303016.2575,295054.1425,344615.1093,341419.2918,343327.5278,340872.4342,311488.6713,327399.5128,333082.8034,286953.986,73605.67095,273675.0793,228326.4739,257458.2278,280955.2885,235589.5718,235692.4855,352778.9975,242505.3555,290168.4391,263443.3956,291768.384,258581.3444,271723.0016,283457.0892,277539.079,318724.1431,252777.1098,51248.9438,273675.0793,252459.3927,204232.536,254520.9266,236388.619,290816.8916,296257.908,281077.119,274138.1873,276987.7379,279585.6917,271050.0045,266712.5148,275006.3125,290104.9408,319593.6588,270242.5734,87936.82807,273675.0793,1
tr|B1ARG5|B1ARG5_MOUSE,Acsl6,Long-chain-fatty-acid--CoA ligase 6 (Fragment) OS=Mus musculus GN=Acsl6 PE=4 SV=1,117322.0538,103105.6623,100574.8931,115675.2707,105841.4154,109320.314,91574.89391,93600.84544,109176.9344,109545.9096,109189.3508,109643.2051,102058.7459,104803.421,106361.7708,94157.53107,23952.62354,93252.96584,77792.32274,96213.15854,100651.9136,80007.10832,78305.71602,116841.1868,85320.67871,98046.41956,90271.96928,95831.20587,89095.52003,94638.10937,93696.91804,96348.95319,102878.1643,85542.74889,16912.69523,93252.96584,87889.89367,60367.46351,86962.66138,77370.37782,98672.09036,107325.3113,94289.60966,91984.52452,91604.39625,88136.75411,91639.6846,88697.54975,98195.63653,94750.93495,103903.5873,92718.15015,26404.19904,93252.96584,0
sp|P68134|ACTS_MOUSE,Acta1,"Actin, alpha skeletal muscle OS=Mus musculus GN=Acta1 PE=1 SV=1",6584350.367,13778874.81,15778542.66,18644488.79,13903159.01,15414015.35,12766066.95,12277394.79,8674684.17,11534484.69,13615376.55,8242476.244,10522993.35,13267270.36,5847628.96,18753129.91,2156481.535,11014254.1,4980861.057,9016955.743,16628885.04,6040667.377,8089116.277,5838432.469,17014034.3,5673949.765,6228763.974,6807626.76,12842781.32,10252287.99,11869286.99,15945601.42,7097511.596,6824957.133,1111757.193,11014254.1,9467810.258,11386614.33,11772032.34,5548305.522,7312475.889,13679095.05,10150584.82,16879362.32,11606764.95,5581689.058,5175426.55,7982322.629,12290951.88,6452597.069,5734201.044,9285091.511,1832576.005,11014254.1,1
sp|P60710|ACTB_MOUSE,Actb,"Actin, cytoplasmic 1 OS=Mus musculus GN=Actb PE=1 SV=1",6561455.097,13927651.7,15957270.42,18856540.71,14002755.65,15561922.15,12751478.99,12286399.99,8701189.021,11573053.11,13538965.69,8191762.721,10471110.22,13168736.84,5905217.367,18555564.63,2122911.921,10884845.02,5060181.693,8914410.868,16010568.12,6116223.081,8037881.721,5911771.363,16174607.24,5797975.342,6333183.596,6813433.663,12590097.51,10326238.49,11966528.25,15574147.36,7204195.736,6943770.141,1126125.279,10884845.02,9408661.218,11101463.76,11619935.46,5526374.569,7350110.062,13665137.89,10105702.84,16940392.51,11722890.08,5685686.343,5238131.062,8060565.31,12337239.93,6530748.209,5715752.642,9324036.586,1860443.157,10884845.02,1
sp|Q8BFZ3|ACTBL_MOUSE,Actbl2,Beta-actin-like protein 2 OS=Mus musculus GN=Actbl2 PE=1 SV=1,5913210.387,11657754.52,12957557.26,15279719.8,11625203.81,12508509.67,10810537.62,10268361.96,7350262.334,9525413.754,11207053,7148980.92,8805029.326,10596106.17,5525532.717,14509255.36,1845453.916,8782677.382,3921846.641,6955101.675,12832151.44,4717655.168,6252447.95,4720958.545,12933557.15,4522936.799,4853522.818,5288765.933,10112374.82,8155258.054,9509538.551,12577810.59,5595201.118,5517818.775,873158.5893,8782677.382,7624767.145,8775912.14,9192502.262,4357237.252,5747961.21,10955062.53,8077249.782,13643836.54,9461392.993,4444394.933,4163762.774,6445242.932,10026487.43,5065951.069,4552209.814,7496739.031,1431422.208,8782677.382,1
sp|P63268|ACTH_MOUSE,Actg2,"Actin, gamma-enteric smooth muscle OS=Mus musculus GN=Actg2 PE=1 SV=1",6546361.033,13814650.25,15818971.21,18694659.29,13884936.88,15477321.41,12778285.18,12286780.62,8672480.862,11522903.27,13661350.32,8203946.125,10534204.98,13295759.86,5820993.731,18837943.43,2136501.539,11038109.64,4944396.897,9032554.93,16766931.21,6034923.314,8098082.4,5823269.348,17091152.32,5651662.236,6192848.059,6808676.784,12931254.75,10268410.42,11849225.88,16040432.79,7090761.744,6804164.74,1119439.318,11038109.64,9489914.197,11436881.5,11863258.29,5522388.882,7307765.841,13795682.75,10212593.96,16988883.97,11700329.89,5578311.47,5151320.455,7980203.976,12362472.57,6435613.274,5706918.919,9323456.412,1843685.37,11038109.64,1
sp|Q7TPR4|ACTN1_MOUSE,Actn1,Alpha-actinin-1 OS=Mus musculus GN=Actn1 PE=1 SV=1,174965.6241,266474.2281,355879.5858,497031.3015,349090.7111,528609.7301,267301.4769,293959.8037,199617.7244,291833.9787,349815.0978,193709.5932,260868.7764,297596.1031,149664.9569,411987.1196,55783.61082,244596.9038,135376.9601,188877.701,235626.6496,167466.18,169503.2985,155853.1293,312866.3138,152515.1681,146811.1915,174697.3966,283705.3263,252465.7809,277810.3031,338844.8973,185711.7357,140023.3767,39088.77715,244596.9038,186967.614,239615.4966,228496.3901,124217.2756,154951.174,304039.6045,257390.5257,489014.3462,367180.0749,168998.4066,164193.6424,217978.2662,394358.3912,216992.4069,156627.5394,283374.8542,70705.07128,244596.9038,1
sp|Q9JI91|ACTN2_MOUSE,Actn2,Alpha-actinin-2 OS=Mus musculus GN=Actn2 PE=1 SV=2,46262.56242,71160.5856,89957.16094,112378.6061,73966.84876,101914.0259,62633.0475,66573.78408,59513.09733,68284.01047,82090.65339,53159.13745,56484.17273,75502.43218,46146.75851,100229.3375,13534.70994,68378.50837,39629.39914,58855.95052,66946.04875,46591.60661,48986.65842,42989.00757,85049.40685,40932.8718,43981.87774,48012.49632,77492.28889,73968.16941,79607.55145,100028.1889,55854.48784,39832.04518,8566.762544,68378.50837,52633.82965,73159.52383,69190.01619,37308.39823,45049.99372,97249.3871,74190.7647,138778.6166,105866.5527,47642.87455,42562.96867,54651.86346,111249.0781,62623.87733,48246.80979,77756.39388,14824.18347,68378.50837,1
tr|E9Q2W9|E9Q2W9_MOUSE,Actn4,Alpha-actinin-4 (Fragment) OS=Mus musculus GN=Actn4 PE=4 SV=1,69651.06872,107067.9026,141015.3682,193663.1894,135303.5631,206287.8361,104262.1746,117874.8142,76381.22791,115593.8867,145278.9071,73960.20101,103101.348,116517.1963,59483.8283,163373.8862,19418.80887,95062.54376,56374.46746,76951.09714,93109.95857,77396.23098,65840.96146,63627.62202,132011.0904,60999.51219,58699.63361,62710.50964,110273.738,102083.5063,113363.6522,134036.4807,71658.71961,52282.51139,13802.65538,95062.54376,72458.25486,91492.3891,87206.81298,51403.32492,59575.94189,105728.8942,97381.2071,162046.4002,130571.4842,70347.01029,71056.16238,91277.11038,135332.2501,84610.10769,68060.99703,110380.6105,28804.29624,95062.54376,0
sp|P57780|ACTN4_MOUSE,Actn4,Alpha-actinin-4 OS=Mus musculus GN=Actn4 PE=1 SV=1,103007.2949,142070.94,189557.7624,265080.7275,188764.729,292905.8804,147602.2498,172800.9999,106659.6607,162547.9529,204756.6994,107683.1274,152659.6295,164352.6235,89493.35992,224603.3798,28602.23422,140581.5529,87968.85754,113423.7556,136808.5049,119248.7637,104143.3016,97467.16172,195516.1833,97410.76102,93780.07526,100067.5283,160282.1312,152692.9143,162665.7628,192830.1261,111976.1345,86184.81222,20651.87728,140581.5529,108024.458,134606.3494,129601.2726,77034.91545,86481.1282,161174.0885,142592.7285,242487.8818,192984.6891,102701.3224,105126.8699,133230.9824,196868.2257,123354.8915,102855.7052,166378.5412,40030.07431,140581.5529,1
sp|Q9QZB7|ARP10_MOUSE,Actr10,Actin-related protein 10 OS=Mus musculus GN=Actr10 PE=1 SV=2,46211.02561,37535.16386,37707.40671,40149.99692,39534.77076,58290.70276,38954.98715,38584.53548,36489.11967,39570.57382,40601.24163,32750.67169,45798.7277,35662.33971,37355.81941,36075.3965,24881.33933,38897.18277,33173.18511,49237.08969,29990.01064,46057.47832,34845.0985,38022.4047,41165.8664,35449.37555,35774.61563,21372.3724,45166.17475,29212.33467,34110.03048,35708.12374,30152.46182,35793.00265,6083.405459,38897.18277,37488.3344,28022.89168,34442.01983,29797.95846,29061.65454,42682.1327,33391.24922,54343.36732,50819.96401,31201.00918,39850.4424,41556.38904,45095.48536,34081.74281,34468.22961,41349.251,19641.96718,38897.18277,1
sp|P61164|ACTZ_MOUSE,Actr1a,Alpha-centractin OS=Mus musculus GN=Actr1a PE=2 SV=1,134697.3148,114301.8942,105430.1565,128459.4288,111980.9584,205253.0659,108176.5574,111982.9489,96746.37604,104901.0108,123898.8455,99607.36588,152391.5271,117041.1174,124882.9464,114134.0165,54523.41321,117002.8502,99898.69119,141093.4955,120938.0103,119398.5593,110553.3531,110762.7192,120694.867,115226.3237,100078.4054,97858.02208,132719.7633,99306.81472,112242.006,120857.5144,96956.79588,99663.12125,30266.53584,117002.8502,104214.4846,85538.3766,98329.80319,82801.38392,79829.99042,122868.0205,84568.35455,172058.8764,152622.0017,100929.7818,109638.2342,129942.2231,131854.0523,102196.7079,97740.37071,121211.7157,67551.30498,117002.8502,1
sp|Q8R5C5|ACTY_MOUSE,Actr1b,Beta-centractin OS=Mus musculus GN=Actr1b PE=1 SV=1,167404.459,145341.9088,130392.8119,150522.6842,146021.4885,246560.1428,138060.4366,147398.0129,122444.4295,132869.2737,152889.4534,125461.2535,188490.8699,146110.9156,147885.6731,143468.9309,68376.36136,143480.6636,125473.3533,172005.898,143217.918,146219.3312,130495.7043,129128.4758,144524.2124,142969.784,121310.1379,113254.5053,168345.2581,125048.21,135305.8825,149566.6675,119691.9753,122915.1896,35170.89424,143480.6636,132805.2655,101545.6853,118360.2009,99552.1371,89170.526,137777.9122,106425.9645,220160.1224,199862.8676,119513.8736,136638.6348,165507.065,173586.6107,129688.3236,122380.073,155067.3651,83864.00723,143480.6636,1
sp|P61161|ARP2_MOUSE,Actr2,Actin-related protein 2 OS=Mus musculus GN=Actr2 PE=1 SV=1,33561.91848,43176.25202,42699.1082,47870.07083,46197.00438,37788.4842,46962.88491,36058.25197,33483.55485,34868.40295,44146.20573,31670.71874,40421.03357,34979.44223,24301.51023,37433.81764,13196.63054,36147.26613,30642.68951,43436.90175,44443.05855,36898.75634,35075.09796,28000.20085,37611.79056,29304.76996,31667.64069,34216.71474,41817.26876,32392.53655,42267.60622,42617.84854,35193.95708,32312.37844,7810.059508,36147.26613,40020.25303,37075.65179,38812.17864,30330.70475,34267.94304,33917.3884,40657.51996,47054.14737,37202.24086,34224.26636,34429.3482,41282.42078,40697.83983,35567.98274,34761.68135,41334.77125,22349.71029,36147.26613,1
sp|Q99JY9|ARP3_MOUSE,Actr3,Actin-related protein 3 OS=Mus musculus GN=Actr3 PE=1 SV=3,26102.41867,38870.6644,33999.19991,45945.80821,42650.11015,31334.89957,34424.6723,29840.89643,24193.20026,28483.93317,37190.84864,22422.74024,34701.67418,21980.74137,24876.84921,28632.12616,11083.62574,32024.74889,19879.96988,32589.36643,35789.32997,24877.21168,23794.47947,23776.57757,36035.08066,23511.19555,23374.32996,27141.17652,33819.8263,22361.45265,33970.63256,35828.29547,26063.10183,25515.33917,5942.727518,32024.74889,37000.50999,31129.58796,31851.4251,22390.71678,29141.91643,29910.91327,35761.91942,40748.19862,33926.77502,25623.77535,25074.4126,31322.88488,34406.67819,28724.94313,26997.53064,32510.80385,12427.92839,32024.74889,1
sp|P37172|ACVR1_MOUSE,Acvr1,Activin receptor type-1 OS=Mus musculus GN=Acvr1 PE=2 SV=2,29564.07608,32172.75951,27725.14186,26539.94982,26717.71489,22672.76892,36112.2101,25557.3743,26565.90129,28585.78887,21938.38701,22723.61025,23911.09722,27196.65406,26325.35523,26315.86627,4402.279542,25569.01597,26276.85218,28548.34474,30735.39684,30586.96213,28480.64923,29135.87934,31857.1627,34955.72696,28517.44659,24489.23442,27925.74287,27527.07778,30146.65761,25513.61986,24229.35233,31080.58011,2417.603997,25569.01597,20663.61612,21563.78453,19299.00991,21971.99583,19070.26395,22136.44014,18150.11292,16136.54226,17909.93643,21462.27153,25824.27122,23160.16524,24943.54236,24325.16865,22601.70263,19695.32004,7051.802952,25569.01597,1
sp|Q61271|ACV1B_MOUSE,Acvr1b,Activin receptor type-1B OS=Mus musculus GN=Acvr1b PE=1 SV=1,54880.23633,64342.77148,59280.99033,67704.5195,53757.01333,52532.92396,51501.89975,58372.1381,56636.86818,57582.43268,46052.9757,57886.10964,47221.56851,51784.331,64527.59856,44657.47477,12482.68,58288.60604,60457.37945,66069.04949,105630.3049,58580.45208,81106.95924,68566.01386,83272.36078,72387.2557,55320.99005,51737.30738,68919.55186,41394.68232,51233.36472,48833.14362,47302.33788,49279.78357,17461.40068,58288.60604,50075.28147,51631.60006,50044.21475,53679.76037,50834.64252,55324.82,50508.84375,52557.84544,49552.94143,57358.93892,56288.88746,60145.46163,49695.94156,58596.91312,58029.67938,52586.64514,15943.53112,58288.60604,1
sp|Q9R1V4|ADA11_MOUSE,Adam11,Disintegrin and metalloproteinase domain-containing protein 11 OS=Mus musculus GN=Adam11 PE=1 SV=2,37040.9123,37870.43184,38387.95709,37509.14374,36752.61388,36811.99402,36180.68589,37789.14327,38927.8108,37275.4908,35500.87143,35713.90752,32440.09816,33606.1145,34809.00094,32215.38955,6375.261897,32019.56192,33280.6663,35928.95212,35452.74413,32609.65301,31839.97623,37966.4976,35503.56371,34469.46633,31289.49809,33441.82796,35070.23176,34388.89182,32142.03154,31472.84896,35726.32132,35029.05503,4673.122533,32019.56192,33985.65236,31055.96036,37766.10903,32292.80908,31115.92525,34632.74788,33703.66614,29599.87677,31031.63497,33919.88956,35252.01923,32722.81119,32091.64096,34990.33326,36821.1282,32193.31863,7224.446789,32019.56192,1
