,GN,Description,b1_s13_M_3,b2_s2_M_3,b2_s10_M_3,b3_s16_M_3,b1_s4_M_6,b2_s15_M_6,b3_s1_M_6,b3_s15_M_6,b1_s9_M_12,b1_s16_M_12,b2_s14_M_12,b3_s9_M_12,b1_s11_M_18,b2_s3_M_18,b2_s9_M_18,b3_s5_M_18,b1_s15_M_24,b2_s5_M_24,b3_s3_M_24,b3_s6_M_24,b1_s1_M_30,b1_s2_M_30,b2_s13_M_30,b3_s7_M_30,b1_s12_F_3,b2_s7_F_3,b2_s16_F_3,b3_s14_F_3,b1_s5_F_6,b2_s11_F_6,b3_s10_F_6,b3_s13_F_6,b1_s6_F_12,b1_s8_F_12,b2_s6_F_12,b3_s4_F_12,b1_s14_F_18,b2_s1_F_18,b2_s4_F_18,b3_s8_F_18,b1_s3_F_24,b2_s12_F_24,b3_s2_F_24,b3_s11_F_24,b1_s7_F_30,b1_s10_F_30,b2_s8_F_30,b3_s12_F_30,p-value(F_30/F_3),FDR(F_30/F_3),Log2Fold(F_30/F_3),p-value(M_30/M_3),FDR(M_30/M_3),Log2Fold(M_30/M_3)
Q922Q1,Marc2,Mitochondrial amidoxime reducing component 2 OS=Mus musculus GN=Marc2 PE=1 SV=1,16.71645493,16.89687184,17.46455936,16.72787937,17.45740389,17.08629166,16.90179587,16.98897304,17.35147504,17.22929279,17.07937697,16.53459398,17.2552582,17.3852686,17.19459324,17.29733439,17.60246496,17.26237973,17.18861502,16.96113732,17.52813038,17.59501081,16.99486333,17.10517201,17.02590118,16.77950572,17.02514155,16.73278732,17.13698097,16.87800528,16.51108541,16.58071472,16.93850925,17.26443366,17.05775358,16.71933098,17.23914666,16.87719009,17.07452374,16.59625102,17.46094372,17.0258014,17.07286605,16.95135949,17.61363331,17.33879969,17.16306319,16.84743699,0.073620879,0.654192275,0.349899354,0.070175038,0.426852838,0.354352756
P42208,Sept2,Septin-2 OS=Mus musculus GN=Sept2 PE=1 SV=2,14.37272328,14.23614945,14.1644949,14.08574009,13.74667166,13.77750448,14.01967178,13.69916064,13.81468134,14.16601985,13.58519978,13.64970401,13.84644929,13.97917994,14.08213546,14.05313656,14.34517426,14.0630456,13.93379525,14.05141783,14.1668775,13.68840139,14.10510593,13.69460033,14.03301312,13.95652722,14.11306075,14.01758267,14.04382777,13.90975173,13.90596821,13.79122524,14.34090041,14.56298994,13.91916391,13.63780599,14.19340661,13.80102335,14.05388736,13.8782416,13.69430278,14.08302378,13.56511504,13.94925481,14.08326363,13.92172043,14.24312319,14.06039853,0.751165603,0.946204339,0.047080505,0.048066943,0.378527173,-0.301030646
Q9Z1S5,Sept3,Neuronal-specific septin-3 OS=Mus musculus GN=Sept3 PE=1 SV=2,17.13725379,17.52244702,17.4098232,17.06220833,17.24502073,17.36219332,17.4804122,17.04632559,17.59789638,16.96717341,17.10048482,17.07261384,17.15100756,17.04512747,17.02889188,17.67024987,17.43854568,16.91884349,17.08405214,16.77004412,17.19385403,17.06226046,17.16382049,17.33537926,17.10640289,17.29008292,17.31576844,17.16198722,17.46402132,17.06949484,16.94487569,17.05871936,17.13774805,17.47425282,17.24435001,16.93043984,17.12869582,17.12022602,17.20739158,17.12572695,17.11787016,16.91889632,16.77571216,17.04945247,17.22333675,17.19500687,16.97930016,17.23954947,0.689307271,0.937276611,-0.059262055,0.52618776,0.805762932,-0.094104529
P28661,Sept4,Septin-4 OS=Mus musculus GN=Sept4 PE=1 SV=1,16.49882943,16.41670057,16.61862734,16.28096599,16.26304543,16.42854919,16.43480221,16.22097322,16.54319606,16.11248713,16.11069487,16.47134435,16.43449288,16.17680255,16.42216122,16.551172,16.37405708,16.14837331,16.13960487,16.13412557,16.53364641,16.22808074,16.32709852,16.50345574,16.3983526,16.27330036,16.22372637,16.29800767,16.36518744,16.23163588,16.01833539,16.18606421,16.50995797,16.57247008,16.54074684,16.0695526,16.34334784,16.13613618,16.18325818,16.32501438,16.17241132,16.27695766,16.15024584,16.18542791,16.45473446,16.45431552,16.45438816,16.35026047,0.234270015,0.812225172,0.130077901,0.607729308,0.853704474,-0.05571048
Q9Z2Q6,Sept5,Septin-5 OS=Mus musculus GN=Sept5 PE=1 SV=2,18.44633513,18.84965559,18.72549511,18.3894762,18.33670555,18.56514779,18.62335972,18.36908055,18.53204233,18.26693595,18.34446107,18.35594737,18.44699945,18.30589523,18.17913385,18.88281564,18.53839214,18.12616546,18.35857624,18.05053722,18.38729292,18.25200759,18.22406017,18.59346678,18.43645029,18.56469254,18.59288548,18.41120105,18.48143528,18.2696445,18.17519352,18.35581684,18.37210384,18.62956928,18.47399077,18.04414244,18.38923335,18.26993542,18.5246731,18.36877492,18.2509409,18.13006076,18.0622334,18.3544651,18.37525829,18.25180243,18.21808423,18.4606812,0.186974299,0.78116719,-0.174850804,0.074586123,0.432338699,-0.238533642
Q9R1T4,Sept6,Septin-6 OS=Mus musculus GN=Sept6 PE=1 SV=4,16.8090102,17.01989824,16.88522172,16.64303221,16.63124462,16.81799057,17.02204433,16.63441513,16.91763428,16.46925434,16.63734194,16.70694291,16.79662381,16.61413362,16.51486368,17.20270838,16.91795054,16.41089556,16.65375931,16.45742179,16.60158348,16.37283373,16.66125906,16.89730288,16.86484466,16.76121921,16.7677698,16.7498959,16.73840747,16.6709555,16.61402011,16.68174637,16.74334644,16.95122219,16.82067247,16.46897489,16.76510785,16.5802794,16.76492209,16.76854563,16.49320076,16.46628114,16.42893324,16.71962723,16.60861494,16.63905324,16.53377387,16.907124,0.389887447,0.879890344,-0.113790878,0.123533929,0.510714342,-0.206045806
O55131,Sept7,Septin-7 OS=Mus musculus GN=Sept7 PE=1 SV=1,18.76350759,19.04449049,18.96029924,18.65940053,18.60581909,18.84448527,18.9023973,18.57226413,18.91862295,18.51256637,18.5997254,18.54955758,18.78781239,18.57228166,18.506951,19.0952156,18.89283502,18.43825743,18.54074596,18.21758997,18.68495709,18.45334641,18.60890965,18.88941081,18.83260039,18.81700355,18.84378582,18.62421343,18.73624787,18.56193104,18.40810236,18.52893932,18.60506094,18.89297411,18.73318706,18.25814879,18.69769461,18.67588293,18.7283971,18.59313356,18.48778573,18.50658252,18.34456032,18.54340794,18.65207349,18.58385551,18.49365445,18.70801844,0.20786522,0.792308184,-0.170000326,0.144324788,0.528812724,-0.197768468
Q8CHH9,Sept8,Septin-8 OS=Mus musculus GN=Sept8 PE=1 SV=4,17.75834624,17.9730969,17.8747762,17.58090095,17.83487721,17.85583158,17.94350982,17.69852864,18.10219327,17.37217459,17.61348201,17.62778726,17.91709968,17.49111181,17.41855189,18.27781098,18.05816654,17.18202324,17.59643155,17.27352759,17.78020195,17.65968937,17.61630933,17.93573252,17.91450774,17.70262216,17.73386008,17.67160948,17.9567332,17.50427895,17.46090763,17.58500421,17.77570071,18.12273532,17.84684193,17.31357601,17.78456172,17.46454118,17.6181789,17.59769026,17.72987378,17.46101987,17.31162923,17.64242054,17.80583958,17.7418929,17.51175094,17.84638339,0.86762727,0.973051711,-0.029183162,0.780551671,0.918668322,-0.04879678
Q80UG5,Sept8,Septin-9 OS=Mus musculus GN=Sept9 PE=1 SV=1,15.11455578,15.08392033,14.96750851,15.10548526,14.99639961,14.94600613,15.11835472,14.88001205,15.08723807,14.94487281,14.84618388,15.04229974,15.04544724,14.9103679,14.81830016,15.36072681,15.26031401,14.70462423,15.01637302,14.96400536,15.34128176,15.01149864,14.84983327,15.23613311,14.99839747,14.89807255,14.91289493,15.0272057,15.01948389,14.92586014,14.93587916,15.09718145,15.01961829,15.17339514,14.92050885,14.86060456,15.10630441,14.87571382,14.8901396,15.19102563,14.83471109,14.73385632,14.86393189,15.16063542,15.09512362,15.00263394,14.99064446,15.33299154,0.218361468,0.802959105,0.146205723,0.722343531,0.899293456,0.041819225
Q8C1B7,Sept9,Septin-11 OS=Mus musculus GN=Sept11 PE=1 SV=4,17.30835865,17.61888561,17.46085809,17.23240258,17.43385635,17.38462225,17.5577682,17.2218819,17.56355251,16.92269005,17.15518374,17.22890762,17.37484596,17.14370404,17.10233573,17.78704287,17.53548612,16.97130495,17.171784,16.95656964,17.33457155,17.206969,17.19970719,17.45341625,17.40398397,17.33665173,17.32945256,17.34844169,17.52793869,17.2213163,17.15371311,17.19592625,17.35476131,17.55767924,17.35731135,17.0252769,17.29537081,17.18196237,17.33252403,17.328876,17.32196574,17.01273755,16.93774763,17.24544389,17.24460176,17.27798158,17.11214826,17.47019292,0.577216099,0.905193495,-0.078401358,0.449853027,0.754613507,-0.106460235
D3YUR8,Sept9,Protein 0610007P14Rik (Fragment) OS=Mus musculus GN=0610007P14Rik PE=4 SV=1,15.83874404,16.17149402,16.64874775,15.64206735,15.94943337,16.29016979,16.09482007,15.81639437,16.33799065,16.34913507,15.22079499,15.44534908,16.44059856,16.3877271,16.22454308,15.98513593,16.06685779,16.26301456,15.87643499,15.70723879,15.35792343,15.7539918,16.27297761,15.82106959,16.1932503,16.23347104,16.18075638,15.84450466,15.84868499,15.89934357,15.48275685,15.53773816,16.32560422,16.16642092,16.35921436,15.70729008,16.11947502,15.99344087,16.82604774,15.70361545,15.92426032,16.46168164,15.83596926,15.59638031,15.43794819,16.36824139,16.50757641,15.45973878,0.519110938,0.895591543,-0.169619405,0.30016736,0.656781092,-0.27377268
Q9D937,Sept11,MCG127334 OS=Mus musculus GN=1810009A15Rik PE=2 SV=1,14.64167479,14.25351109,14.84070543,13.93728845,14.57833604,14.53960345,13.71057856,13.96762349,14.54700226,14.5481028,14.1268889,14.16591465,14.82841631,14.4511849,14.85234188,14.47467395,14.62118204,14.0877998,14.01320409,14.10205557,14.84252759,14.91227693,13.79800046,13.77355598,14.47392518,14.21189629,14.19833138,13.90238868,14.47418088,14.53626799,14.29151251,14.46742811,15.11030166,14.62422073,14.47378991,14.31061558,14.68289844,14.33221909,14.30707637,14.15860643,14.77428331,14.57595757,14.73052782,14.5777163,14.62101336,14.9827246,14.59721543,14.2002343,0.084221764,0.668617257,0.403661538,0.705465959,0.894538052,-0.086704704
E9Q3M9,2010300C02Rik,Protein 2010300C02Rik OS=Mus musculus GN=2010300C02Rik PE=1 SV=1,20.88113297,20.83821985,19.87912752,21.00983375,21.38732238,19.86187185,20.66263692,19.26510811,20.3359411,21.38109794,21.20501831,21.64049434,20.57568015,21.23349591,20.4127453,19.64942915,19.62183962,20.38908113,20.54871347,21.57220716,19.98144441,21.06296079,20.89807866,20.20873783,20.38258345,21.37843048,20.42496602,20.53470464,20.80356093,21.29183719,20.53040033,21.78462174,21.54351711,20.67529836,19.82707776,20.00174799,20.6314347,20.02537159,20.14520829,22.37087158,20.93196872,20.97121348,20.40866178,20.00332807,20.98039825,20.78360184,20.04540626,20.99475478,0.964587831,0.995290101,0.020869132,0.807994664,0.929987654,-0.114273098
D3Z3S8,2900011O08Rik,Protein 2900011O08Rik (Fragment) OS=Mus musculus GN=2900011O08Rik PE=4 SV=1,16.75193255,17.39205423,17.03699642,16.88473604,16.74622733,17.03568481,17.12950553,16.79953717,17.0635144,17.0201238,17.06571245,16.50183402,16.68638039,17.36216017,17.17319767,16.86146109,16.91692873,17.39200135,17.06524382,16.75266822,16.63336492,16.83646424,16.98523429,16.9467553,16.75348229,17.22877793,17.39263162,16.87622033,16.84872009,17.09484631,16.96916688,16.66353416,16.46871385,17.01522922,17.06529237,17.15038657,16.86429509,17.67323717,17.33583064,16.58626692,16.82465048,17.07464254,17.21276247,16.95612826,16.97090595,17.07574395,17.27373005,16.74657543,0.813372883,0.959358178,-0.046039195,0.396795786,0.72092248,-0.165975126
Q3U3D8,3110043O21Rik,"MCG141727, isoform CRA_a OS=Mus musculus GN=3110043O21Rik PE=2 SV=1",20.72773772,20.49431164,20.44593027,20.26050735,20.7181719,20.53155008,20.48181733,20.67576481,20.58209376,20.10612854,20.38415938,20.61001076,20.84191358,20.43008756,20.51668748,20.33118725,20.54336421,20.25201788,20.15817483,20.34600962,20.52493234,20.59167281,20.51981979,20.23963684,20.62565573,20.32544776,20.50511538,20.41446229,20.77304751,20.42009551,20.34614749,20.28751084,20.73547803,20.62196011,20.67781264,20.42108774,20.32479599,20.47389913,20.44092545,20.21544684,20.46321844,20.56979279,20.02941044,20.34048272,20.24197499,20.60892209,20.33499101,20.22278395,0.384164511,0.877860505,-0.115502281,0.920948961,0.972192865,-0.0131063
D3Z566,3632451O06Rik,Protein 3632451O06Rik OS=Mus musculus GN=3632451O06Rik PE=4 SV=1,14.53777274,14.98009181,15.09302969,15.85138075,15.31577728,15.49450879,15.02783063,14.97723969,14.73991358,16.07482529,15.97572529,14.74374466,14.75127814,15.94934533,15.37578558,15.207861,14.41273545,15.38162462,15.57054033,15.54987152,15.41544852,15.25528127,16.25283365,15.2484676,15.07498999,16.13804573,15.72463276,15.54953274,14.96076434,15.24494774,14.6768759,15.63539433,14.34143189,15.14639353,15.95967862,15.53642557,15.99491547,15.3021542,15.3147118,15.48219357,14.83794906,16.16102282,15.11199462,15.77657256,14.22419244,15.12729128,15.03640766,15.18695063,0.048238374,0.586208995,-0.7280898,0.238307593,0.621757144,0.427439013
D3Z5T8,4930407I10Rik,Protein 4930407I10Rik OS=Mus musculus GN=4930407I10Rik PE=4 SV=2,14.18731281,12.77196458,13.10203438,13.93037647,12.59387168,13.99747167,13.69162313,13.84245469,12.40075808,13.90583288,13.11070089,14.26842773,13.83425262,12.47115034,13.39105847,13.22639656,12.44055609,12.87993626,13.54184197,13.90163311,12.13234029,12.0666646,13.75851974,13.62759538,13.08151604,13.68889942,12.00096088,14.10947469,12.93744199,13.86593463,13.90681278,14.31450097,15.02331611,13.25772557,13.03027944,13.2883567,11.54627776,11.68602539,12.68702081,15.00007989,11.31156774,13.67955409,13.49038523,14.15574208,13.19087025,13.56746433,13.11838353,14.58896123,0.527211489,0.895591543,0.396207076,0.338653619,0.678643066,-0.601642057
F6RPM4,4932438A13Rik,Protein 4932438A13Rik (Fragment) OS=Mus musculus GN=4932438A13Rik PE=1 SV=1,15.79845641,15.68884635,15.85428864,15.94028867,15.85164382,16.07916461,15.85106748,16.09424954,16.05047434,15.98163974,16.05765728,15.86058779,15.91728552,15.90283853,15.86159944,15.9927613,15.90211749,15.69473626,16.14003096,15.95791807,16.06001452,16.0458411,15.85603512,16.14659833,15.91137725,15.87978344,15.95445548,16.12636733,16.09009241,15.81715491,16.00556638,15.83504514,15.58758564,15.98589356,15.90905191,16.00141485,16.04938202,15.69606887,15.8392252,15.80066244,16.03814472,15.9035978,16.0118274,15.96944047,16.05284791,15.94513502,15.8597045,15.89194676,0.754801111,0.946204339,-0.030587327,0.040078938,0.351419311,0.206652247
H7BX33,4933434E20Rik,Protein 4933434E20Rik OS=Mus musculus GN=4933434E20Rik PE=4 SV=1,15.24811399,15.58178084,15.50284263,15.04015976,15.03959046,15.45851483,15.30769409,15.01251278,15.45180604,15.61069942,15.50853861,14.8773821,15.20220878,15.6956662,15.59348805,15.02445438,15.46552767,15.58269038,15.25498141,14.98149834,15.35615153,15.40776224,15.33977644,15.14450149,15.387781,15.55570438,15.54113775,15.10022978,15.43234021,15.41241875,15.06283584,14.94636377,15.07675475,15.54852899,15.39229521,15.19919696,15.36002008,15.62249543,15.41813664,14.95780868,15.31845185,15.54314672,15.28927685,15.10677969,15.35181809,15.34847646,15.26306306,14.74591115,0.222435893,0.804043704,-0.218896035,0.86072112,0.949751428,-0.031176381
B1APX2,5031439G07Rik,Protein 5031439G07Rik OS=Mus musculus GN=5031439G07Rik PE=1 SV=1,15.74342837,15.76559544,15.95351589,15.68169525,15.78562358,15.93652897,15.9470092,15.84991589,15.83288012,15.47826859,16.01346597,15.53634701,16.11743014,15.90636918,15.86031877,15.94325417,16.19533661,15.93867311,16.02336172,15.77775885,15.98870515,15.98792421,15.96040471,16.13875197,15.89913961,15.76007822,15.8943968,15.70996695,15.8037784,15.9388754,15.99470178,15.55118307,15.3933247,15.85777429,16.00407554,15.9832349,16.01157872,15.79818578,15.93556259,15.72392256,15.94997154,15.96818789,15.91973594,16.01428567,16.12062314,16.21359794,16.51854036,16.05443184,0.001628819,0.1125008,0.410902927,0.062085616,0.406854561,0.232887774
J3KMQ6,5730455P16Rik,Protein 5730455P16Rik OS=Mus musculus GN=5730455P16Rik PE=4 SV=1,15.79792555,15.06514521,15.16353637,15.85123915,15.5369794,15.63188341,15.41697865,15.95399738,15.84501909,15.49131909,15.44793884,16.0079556,15.97095031,15.40312028,15.73912061,15.07352851,15.54632923,15.54623533,15.43313751,15.59752023,15.88658595,15.52958292,15.3821349,15.57252102,15.59005718,15.36615432,15.50875586,15.56425917,15.5705641,15.63954474,15.73422752,15.78139477,16.34937319,15.77162908,15.93909604,15.6959605,15.725568,15.79395723,15.5537394,15.87671846,15.59748633,15.62471495,15.51203853,15.65622569,15.45780769,15.84061281,15.99214371,15.31175776,0.418066152,0.879890344,0.143273857,0.485578959,0.778997752,0.123244629
J3QP43,6330403A02Rik,Protein 6330403A02Rik OS=Mus musculus GN=6330403A02Rik PE=4 SV=1,15.02703682,15.7030572,15.27939328,15.12488946,14.89071574,15.21788722,15.27545835,15.22473361,15.14314153,15.38871372,15.27916891,15.01965967,15.00051697,15.55521071,15.44726555,15.45146442,15.28442598,15.73828776,15.5576368,15.21492437,15.27180657,15.01878651,15.38946522,15.27852753,14.86525415,15.35277233,15.37856545,15.19222441,14.86024369,15.35126357,15.17433322,15.07010864,14.84124659,15.19316566,15.26228576,15.42099333,15.02882126,15.51906268,15.66587707,15.03686567,15.03023952,15.49565355,15.65290883,15.35087964,14.95510044,15.18627005,15.4740813,15.20938463,0.957639774,0.993409475,0.009005018,0.795547773,0.921969198,-0.043947731
Q3TA40,6430548M08Rik,Protein 6430548M08Rik OS=Mus musculus GN=6430548M08Rik PE=2 SV=1,18.02168776,17.95813483,17.4433306,17.73645946,17.5568842,17.42210753,17.71398599,17.62827917,17.54511452,17.81892898,17.64655092,18.04502109,17.74930247,17.53161354,17.80405535,17.39313789,17.6852568,17.84165507,17.60166307,17.69830804,17.7880968,17.66596734,17.59507855,17.40661707,17.40813374,17.8975855,17.35530801,17.78345152,17.61297647,17.64461778,17.60382146,17.73947833,18.07257595,17.69715098,17.71453412,17.7191886,17.76235897,17.662755,17.79995428,18.0508693,17.31517544,17.56716833,17.54390004,17.92651359,17.45486517,17.69411508,17.97722773,17.88733098,0.320452336,0.852948607,0.142265049,0.220692417,0.607632874,-0.175963221
Q0VAW6,8030462N17Rik,Protein 8030462N17Rik OS=Mus musculus GN=8030462N17Rik PE=2 SV=1,11.96904249,13.44465371,13.33385113,12.8910547,11.6748491,12.94995595,13.26534767,13.01150229,11.78054879,13.06334643,13.29597522,13.2011112,12.59325025,13.57022694,14.06579624,13.13701494,12.44572615,14.40729368,13.51799712,14.2296182,13.16882594,13.20756548,13.16128812,13.45703704,12.36847335,13.39460936,13.13229831,13.514216,12.35934693,13.07542953,14.0045136,13.04370828,12.4694091,13.29739331,13.38447808,14.15793987,12.98734752,13.85146501,13.62179026,13.48055161,12.31888836,13.35417308,13.78321576,13.78361363,12.8483067,12.91392538,13.63970926,13.01909238,0.994696895,0.999366713,0.002859177,0.432506295,0.744364468,0.33902864
I1E4X5,9030624J02Rik,Protein 9030624J02Rik OS=Mus musculus GN=9030624J02Rik PE=4 SV=1,12.93627719,13.39616067,11.48258668,13.52792017,12.89311106,13.45883906,12.88286431,14.07686412,12.89677573,12.8672861,12.61803679,15.04655093,12.38281327,12.37523229,12.42922127,12.46592884,12.64740416,12.7058566,12.70793179,14.09084924,12.47419259,12.97537393,13.19900277,13.2664303,11.88649044,10.33288661,12.47463414,13.74316211,12.32345192,13.4350616,12.79835289,14.32436906,13.42008604,12.12782204,13.33265716,11.59505163,12.32460036,13.87903311,13.08224092,14.46555383,13.11900776,12.74370702,11.58102481,13.72188826,12.22799326,11.54337035,13.50801283,14.40026979,0.204168138,0.7922139,0.810618235,0.820930436,0.936483336,0.143013722
E9PUJ3,9330182L06Rik,Protein 9330182L06Rik OS=Mus musculus GN=9330182L06Rik PE=4 SV=1,14.54502752,15.01739091,14.71991337,15.26437383,14.72313617,15.25876749,15.18271713,15.0347377,15.06369441,15.10053375,15.10949994,14.91870487,14.66194223,15.3757155,14.86624565,14.9488122,14.72759046,15.07469274,15.36921253,15.23386257,14.68068816,14.84475234,15.21856521,15.45021459,15.05910188,15.03866203,15.29237661,15.04359823,14.58425286,15.16878063,15.39453003,15.06732073,14.46395219,14.43601191,15.21712809,15.23110224,14.78433152,15.57121191,15.10754271,15.17672116,14.89435088,15.10730977,15.12342459,14.95283968,14.52194445,14.66163149,15.03058971,14.87550147,0.09875559,0.670214064,-0.336017906,0.420016091,0.73387427,0.161878668
G3X9V7,A830010M20Rik,"MCG19133, isoform CRA_b OS=Mus musculus GN=A830010M20Rik PE=4 SV=1",15.18678034,15.01142117,15.42411447,15.19803902,15.09033366,15.19437089,14.84822057,15.08931142,14.64453029,15.15777436,15.2695087,16.11866944,15.092925,15.0108925,14.90673957,15.43097355,14.93523483,14.68382544,14.98715842,15.22740552,14.91476181,14.90298852,15.04407157,15.1105032,15.11065118,15.17164315,15.04554218,15.06617765,14.8048899,15.09692536,15.17423072,16.01225535,15.86069158,14.95183136,14.7493776,14.88880479,14.9797062,14.95397742,14.83926637,16.10341501,15.03703604,15.15177913,15.03888465,15.04163397,15.06639862,14.59172487,15.0297453,15.10759083,0.544372771,0.895591543,-0.149638638,0.391555389,0.719935817,-0.212007475
Q3UHJ0,Aak1,AP2-associated protein kinase 1 OS=Mus musculus GN=Aak1 PE=1 SV=2,18.90405239,18.43710416,15.6474113,18.59419463,18.00756913,17.34929116,17.57811411,17.93381644,17.07997128,18.16252671,17.93749468,19.40668215,18.48498506,17.1523436,17.30383442,15.7105302,17.83269188,17.37690114,17.54100129,18.21603737,17.91455579,17.37291201,17.60773865,17.88513006,17.52114419,17.84459772,17.20567693,18.08332919,17.96884585,18.27430212,17.62302902,18.799161,19.28472755,17.4239543,17.37657454,16.77070957,17.8036539,17.53220127,17.76396287,19.42004879,17.16582137,17.60513551,16.95486436,18.15290502,18.13192598,17.13738222,17.89452106,18.6744375,0.597259982,0.910755028,0.29587968,0.719913364,0.898822351,-0.200606493
Q8BGQ7,Aars,"Alanine--tRNA ligase, cytoplasmic OS=Mus musculus GN=Aars PE=1 SV=1",14.89059937,15.44043401,11.83029212,14.62421055,14.07182323,8.148722917,14.1356649,9.469409061,12.13757816,13.80153597,14.1219069,13.56565816,9.955046062,13.51309271,12.91668938,11.5906439,14.4897814,14.84813068,14.85390399,15.37910702,14.4731722,14.03378328,13.86625344,12.47949205,13.3762184,14.41942757,13.0700829,14.74502739,14.4901237,15.30937755,15.08542005,12.92229877,13.4032392,14.00206845,12.6244305,13.55650746,14.58321992,14.10470529,14.3051617,14.36756139,13.75162418,12.98783723,14.15001974,14.83617611,14.83477556,13.15177967,14.12258369,16.06346088,0.481380773,0.895591543,0.640460886,0.594754982,0.849501679,-0.483208767
Q80YE4,Aatk,Serine/threonine-protein kinase LMTK1 OS=Mus musculus GN=Aatk PE=1 SV=1,15.75117113,15.87831963,15.84514057,16.09353718,16.32388529,16.23636531,16.12169379,16.03073396,16.01655576,16.42999277,16.45676308,16.07071864,15.93628436,16.31344461,15.94853828,15.98899391,15.89869418,16.0259008,16.36142577,16.36136476,16.05097167,16.2012421,16.40342392,16.2904442,16.09631283,16.40968109,16.16867423,16.0640292,16.11132369,16.21153896,16.16525857,16.23883262,15.79525686,16.14807421,16.18918267,16.2377279,16.32741435,16.08601689,15.92203007,16.32199045,16.34088274,16.31693356,16.4278547,16.11416964,15.94627774,16.13111253,15.95546247,15.97730685,0.146574998,0.740358367,-0.182134439,0.007912426,0.180956093,0.344478347
P41233,Abca1,ATP-binding cassette sub-family A member 1 OS=Mus musculus GN=Abca1 PE=1 SV=4,15.20583205,14.24687747,14.92213964,15.54295436,15.46602469,15.43871369,15.47224541,15.11761294,15.99506294,15.58022413,15.85526238,15.06830092,15.49797241,15.48356118,15.36649162,15.43621651,15.24973383,15.07429314,15.695534,15.26318132,15.48660608,15.9687579,15.60348707,15.49736497,15.65205479,15.09429786,15.59263233,15.31711136,15.51384263,15.57646554,15.55012649,14.94406006,15.13073354,15.05015205,15.32602028,15.24297274,15.7423008,15.36635777,14.75952094,15.23877993,15.62739873,15.56924689,15.20438633,15.25572117,15.40264981,15.54307982,15.08704421,14.96587075,0.439976549,0.882519956,-0.16436294,0.003324687,0.137844002,0.659603121
E9PX95,Abca17,Protein Abca17 OS=Mus musculus GN=Abca17 PE=3 SV=1,14.78957465,14.5601408,14.7919158,14.70950054,14.87796449,15.01166176,14.75293213,14.88613046,14.65534635,14.77474017,14.86158093,14.67286688,14.67535538,14.69819666,14.81618067,14.66484047,15.01097254,14.5603862,14.76584971,14.93942759,14.61678482,14.93579095,14.85627112,14.85698611,15.06589788,14.68550775,14.79521519,14.89457553,14.83906424,14.63249383,14.79054643,14.74056321,14.46806322,14.70095807,14.79254674,14.88524693,14.87929279,14.495785,14.80470448,14.5444357,14.87120385,14.97645929,14.83533283,14.99734224,14.85488622,14.7224201,14.59478661,14.74350062,0.207518117,0.7922139,-0.131400702,0.318091126,0.663816419,0.103675303
P41234,Abca2,ATP-binding cassette sub-family A member 2 OS=Mus musculus GN=Abca2 PE=1 SV=4,17.30408396,17.42773165,17.64774211,17.70441173,17.8096846,18.0055534,17.84061731,17.65084637,18.14511946,17.80178688,18.00128232,17.50648835,17.62283458,17.9218322,17.74330542,17.70869913,17.66841613,17.86500776,18.08764079,17.76115885,18.05829342,18.12154198,17.98769505,18.01671776,17.9316536,17.71638879,17.96139499,17.61059094,17.73149248,17.82960287,17.93418388,17.53396468,17.32594127,17.51357974,17.99899651,17.71549715,17.91622817,17.90332582,17.63772977,17.60041049,17.91915718,17.798573,17.69367451,17.70721469,17.7154318,17.72913782,17.75484115,17.42515965,0.264297965,0.816339055,-0.148864473,0.00028334,0.04022674,0.52506969
Q8R420,Abca3,ATP-binding cassette sub-family A member 3 OS=Mus musculus GN=Abca3 PE=2 SV=3,16.62267915,16.77940036,16.75521461,16.77797299,16.69828564,16.89690385,16.83914971,16.83537752,16.68852378,16.83878566,16.86388036,16.70984887,16.69168434,16.8114216,16.86678776,16.80481058,16.77656533,16.82798227,16.88665233,16.8317458,16.32055807,16.74017585,16.81359156,16.8585839,16.78877173,16.84294567,16.79085254,16.87303412,16.71521849,16.66030539,16.77445754,16.68806665,16.52412633,16.67016269,16.75938653,16.88993128,16.70514131,16.64436711,16.83779985,16.6034295,16.72653171,16.92086002,16.96027609,16.83654443,16.70503116,16.66720966,16.76142351,16.83812305,0.360671196,0.867500478,-0.080954172,0.56654542,0.830454244,-0.050589435
Q8K448,Abca5,ATP-binding cassette sub-family A member 5 OS=Mus musculus GN=Abca5 PE=1 SV=2,18.13236992,18.21558293,18.3328789,18.45268952,18.29298615,18.7047081,18.52421717,18.4359762,18.4196843,18.57454479,18.78174732,18.2243041,18.34381793,18.59806695,18.45710127,18.4993832,18.37001466,18.48286966,18.7296697,18.56654945,17.95307439,18.44549983,18.63771978,18.53852911,18.36706905,18.58526127,18.4014344,18.36454574,18.37566136,18.31720621,18.35335265,18.28596656,18.17588644,18.32194922,18.51346055,18.47560172,18.3649871,18.19104915,18.26698002,18.2845324,18.34041322,18.481843,18.50201845,18.25710471,18.18426487,18.19630563,18.17204508,17.99215287,0.016344861,0.413441389,-0.293385503,0.350810214,0.689844114,0.110325459
Q8K441,Abca6,ATP-binding cassette sub-family A member 6 OS=Mus musculus GN=Abca6 PE=2 SV=2,13.80519175,13.73162882,14.00697754,14.62794184,13.81526655,14.3281909,14.59851772,14.45781025,14.03645168,14.32319384,14.3809223,14.48935922,14.23242106,14.38719631,14.06443208,14.65699322,14.08249612,14.19471867,14.89487625,14.81694357,14.2145765,14.26304758,14.04254309,14.40764133,14.00101515,14.15131983,13.78410211,14.42525188,13.8153246,13.96438445,14.54727692,13.96350383,13.99889577,13.99360282,13.97047215,14.48568966,13.8165261,13.76058734,13.57355625,14.44504524,14.11011073,13.93295312,14.46244277,14.39161852,13.96496291,13.76755719,14.14250285,14.1453415,0.684525078,0.936542093,-0.085331128,0.370148392,0.706243131,0.189017135
Q8K440,Abca8b,ATP-binding cassette sub-family A member 8-B OS=Mus musculus GN=Abca8b PE=2 SV=2,15.54812863,15.2322996,15.28409567,15.4325919,15.46118928,15.52126577,15.17121271,15.22241908,15.75223871,15.65541803,15.46554362,15.23202833,15.63238654,15.54291759,15.34624283,15.29549997,15.59534844,15.27336751,15.53138345,15.55053794,15.52815672,15.64884973,15.46734641,15.607342,15.69473946,15.50510184,15.3460263,15.35931326,15.64538362,15.47341015,15.38761496,15.27587114,15.4988054,15.89342352,15.32955203,15.46425624,15.73650957,15.27206844,15.44959705,15.32805875,15.78653684,15.54882215,15.66418966,15.32178839,15.7008507,15.90685719,15.30393406,15.24358579,0.658122336,0.929113522,0.06251172,0.186264039,0.583751621,0.188644764
P21447,Abcb1a,Multidrug resistance protein 1A OS=Mus musculus GN=Abcb1a PE=1 SV=3,14.09174824,13.58228439,13.92066581,14.13043019,14.44656985,14.16874393,14.18636867,13.76743098,14.1021614,14.70170985,14.31895406,13.80936054,14.31033515,14.19902857,13.79305181,13.95656078,14.083481,13.87522475,14.30515072,14.51671782,14.39399858,14.35250534,14.04641457,14.27817666,14.47613685,14.20214793,13.87235876,13.80063425,14.65941006,13.88810472,14.29840812,13.97768455,14.2034712,14.97068733,13.60550171,14.05577756,14.47179079,13.76069013,13.75987986,14.03547864,14.69486354,14.27482077,14.21932544,13.62512529,14.13817792,14.25850113,13.63585549,13.74904187,0.550806953,0.895591543,-0.142425344,0.163131046,0.556257434,0.336491628
P21440,Abcb4,Multidrug resistance protein 3 OS=Mus musculus GN=Abcb4 PE=2 SV=2,14.14704118,13.48040247,13.59549756,14.17225758,14.48998641,14.37477413,14.27883739,14.13548235,14.15706414,14.73817697,14.16279024,14.12670235,14.35798112,13.94997946,13.70847359,14.17476306,14.13908565,13.74706618,14.2262414,14.56973079,14.43900153,14.39880056,14.03010355,14.39334663,14.51868554,14.18949908,14.03513707,14.08588526,14.69694823,13.90353355,14.32889876,13.95570457,14.2547161,15.00101637,13.67380734,14.08631057,14.51446596,13.56929977,13.36539665,14.17075018,14.73150194,14.18778044,14.18792715,14.00623776,14.19175182,14.3078606,13.53578174,13.99060677,0.414246572,0.879890344,-0.200801502,0.062637235,0.408487751,0.466513371
Q9JJ59,Abcb9,ATP-binding cassette sub-family B member 9 OS=Mus musculus GN=Abcb9 PE=2 SV=1,14.13172184,14.255673,14.11289606,14.00080027,14.23698033,14.34012131,14.04205476,14.07115816,14.08654234,14.45281817,14.38543522,13.94731869,14.12288886,14.44132518,14.0197656,14.04084616,14.09693154,14.09968867,14.04581371,14.24767296,14.48852701,14.18216569,14.44686572,14.11008851,14.39896798,14.08464645,14.31410936,14.17459365,14.44568085,14.43255883,14.30748148,14.10709517,14.05686164,14.51133625,14.41329311,14.06951325,14.25552294,14.2738206,14.19820127,14.0125086,14.31127781,13.94275975,14.11935146,13.95703923,14.13046837,13.9641811,14.39731355,14.0222671,0.36718831,0.871387182,-0.114521827,0.155933956,0.546395004,0.18163894
Q9R1X5,Abcc5,Multidrug resistance-associated protein 5 OS=Mus musculus GN=Abcc5 PE=1 SV=2,14.32648371,14.84058631,14.91315175,14.94828921,14.68284577,14.85925184,14.99726762,14.78026397,14.58183593,14.88818512,15.07833678,14.80463376,14.45136846,15.0626006,14.75510262,14.89305019,14.60501839,14.8604354,15.28366362,15.17255898,14.55510241,14.83021682,15.02726793,15.16964175,14.67396462,14.74129766,15.14054466,14.95522071,14.5660446,14.85298684,14.97395884,14.85838295,14.24143186,14.54340703,14.90343072,15.02668093,14.65057287,15.01420785,14.91514295,14.86298244,14.62856097,14.75428462,15.07647473,14.73402863,14.5006029,14.2918477,14.7002443,14.62164625,0.044954432,0.570512607,-0.349171623,0.416258251,0.7314713,0.138429477
B2RUS7,Abcc8,"ATP-binding cassette, sub-family C (CFTR/MRP), member 8 OS=Mus musculus GN=Abcc8 PE=2 SV=1",12.98108646,13.4909441,12.44228374,13.02249796,11.77424255,12.90931309,12.99769333,13.04537742,13.2618598,13.5641588,13.27521457,12.64965654,13.36074527,12.93077674,12.89189025,12.16276877,12.90410514,13.08737675,12.72488019,12.38978312,12.93588214,12.65187014,13.19590494,13.37839913,13.11645094,12.89325777,12.81237737,12.99963369,11.67429152,13.15176924,12.91856199,11.96548585,12.78473668,13.00925324,12.90214572,12.5960064,13.0893165,13.2113233,13.1408304,12.68981091,12.08420625,13.15431056,12.88420545,12.33037218,13.21783268,12.87877487,12.55763393,13.06535054,0.930050321,0.993409475,-0.025531934,0.846516278,0.946663515,0.056311022
P61222,Abce1,ATP-binding cassette sub-family E member 1 OS=Mus musculus GN=Abce1 PE=2 SV=1,15.48045434,13.78126791,14.42240804,15.08525257,14.62549232,14.86903204,14.95264158,13.0887999,14.42423186,14.37389745,14.00285545,14.28900399,14.64502446,14.37345185,15.44711104,13.58014053,15.4809803,14.47170955,14.20910634,14.78103691,15.74468509,14.76655669,14.43117845,12.64135373,13.93711039,13.70903486,13.84333728,14.90427887,15.04383077,15.7057819,14.3214999,14.29586851,14.62524268,14.82911003,14.79077221,12.99268671,14.99302751,14.1035568,14.11134246,14.85197219,14.28137961,14.70758688,13.25525124,15.3117334,15.15316441,14.64789477,14.38429254,15.89105225,0.085203251,0.668617257,0.920660641,0.572765082,0.834043877,-0.296402227
Q6P542,Abcf1,ATP-binding cassette sub-family F member 1 OS=Mus musculus GN=Abcf1 PE=1 SV=1,13.27333454,13.27423538,14.10943749,13.66226281,11.91178234,13.16222392,13.35987781,13.32460484,11.89928632,12.77616348,13.30080952,14.09284531,12.61442756,12.37527851,12.72419813,13.47518699,13.00174659,12.58357249,13.53236602,13.14729254,12.80469146,11.94432003,12.82234188,13.4919476,11.68437447,13.25592636,13.0187361,13.53283054,11.8722189,13.51651211,13.8519318,14.36280451,13.64151679,11.86992276,12.7146004,13.23808968,11.96662574,12.77694298,13.53157928,14.57233679,11.23768752,12.7145699,13.68705442,13.80111161,13.09304443,11.0984531,13.87470088,13.94941552,0.827944591,0.964508441,0.130936616,0.181660576,0.58045684,-0.813992311
Q99LE6,Abcf2,ATP-binding cassette sub-family F member 2 OS=Mus musculus GN=Abcf2 PE=2 SV=1,14.22567922,14.01770129,12.55850452,13.59209355,13.28005506,12.71397326,13.37148683,12.20667695,12.90579002,13.42127153,13.1380132,14.50277669,13.10840494,13.06234622,13.59676631,12.42862517,13.98786146,12.95697397,13.79018214,14.28025691,14.07320284,13.23697708,13.0889998,12.79413509,13.06498682,13.64522519,13.44111597,13.37599777,13.50583507,13.8822796,13.74374673,14.34064151,14.09061007,13.53314478,12.64655059,12.93189957,13.73448422,13.79074967,13.54020943,15.00880656,13.14393869,12.66642476,13.1288173,14.02261887,13.68598227,13.041739,13.73160469,14.17532846,0.479168651,0.895591543,0.276832169,0.443174802,0.750667587,-0.300165942
Q64343,Abcg1,ATP-binding cassette sub-family G member 1 OS=Mus musculus GN=Abcg1 PE=1 SV=1,13.90345381,13.77070075,13.73796391,14.16238645,14.09254786,13.9838506,14.56488189,14.26176834,14.41995906,13.98183274,13.72346817,13.62153439,13.9650376,14.14642066,13.62077161,14.37478742,14.17169268,13.82431464,14.00635443,14.50819171,14.59412119,14.81232913,13.98994046,13.94900199,14.201593,13.94277514,14.02408262,14.93757033,14.19036924,14.18933072,14.35032698,14.43182565,13.83986941,14.34814747,14.30659807,14.44438651,14.19750793,13.63952553,13.73085949,14.00654558,14.28668201,13.92905867,14.49263192,14.19248207,14.11918667,14.30326333,14.08061453,14.51224978,0.913837267,0.985135924,-0.022676699,0.039975022,0.351419311,0.442721964
Q99LR1,Abhd12,Monoacylglycerol lipase ABHD12 OS=Mus musculus GN=Abhd12 PE=1 SV=2,16.64478954,16.42811365,16.73371316,16.66865546,16.60159748,16.81108005,16.54647515,16.67314485,16.74626961,16.42227858,16.70013135,16.49430973,16.71787114,16.69224317,16.63904529,16.45015801,16.59902861,16.66023053,16.41651108,16.64947819,16.78774774,16.56772154,16.65164122,16.62967319,16.70094306,16.50155437,16.58692483,16.54871399,16.53570904,16.52872461,16.39555866,16.37706462,16.75421887,16.55035265,17.02793015,16.44894551,16.54071034,16.42845667,16.6201743,16.50092985,16.49439611,16.68226458,16.20687729,16.3459223,16.44028554,16.63038927,16.72493793,16.28453733,0.561654442,0.900583354,-0.064496546,0.71597666,0.896322003,0.040377972
Q9Z1Q2,Abhd16a,Abhydrolase domain-containing protein 16A OS=Mus musculus GN=Abhd16a PE=1 SV=3,16.76052958,16.4154951,17.11537912,16.79220599,17.15934392,17.15015056,16.65853486,16.9706424,17.22249621,16.52723044,16.81474807,16.79277657,17.02599269,16.99302641,16.76759796,16.82849501,17.01880671,16.57201905,16.65529152,16.91568525,17.30756082,17.09361269,16.9215526,16.87051673,16.85196531,16.59387397,16.86246215,16.72031639,17.01494118,16.7942605,16.6679601,16.7857504,17.03513356,16.87269295,17.3036925,16.60258679,16.7865704,16.3676699,16.54615358,16.81509148,17.03692449,16.69012758,16.40634681,16.71773511,16.53949388,16.91774095,16.70045327,16.51274587,0.575002009,0.904060503,-0.08954596,0.087776987,0.459496106,0.277408262
Q99JW1,Abhd17a,Alpha/beta hydrolase domain-containing protein 17A OS=Mus musculus GN=Abhd17a PE=2 SV=1,17.18904692,17.54939931,17.44621931,17.15691292,17.15520639,17.49769541,17.29367365,17.14250345,17.379514,17.55902082,17.49386409,16.97014946,17.19840254,17.63366096,17.51671666,17.13221171,17.42184958,17.58484691,17.25081679,17.10028563,17.40728859,17.35905085,17.34126623,17.13745226,17.27479821,17.48677625,17.50188748,17.05308798,17.25482553,17.49562188,17.17993511,16.93733742,17.09291914,17.43058791,17.48739764,17.16226551,17.33246806,17.52236598,17.51699608,16.8599049,17.26218862,17.44438539,17.2314936,17.11660406,17.27616534,17.30807095,17.4488859,17.01128467,0.656486,0.929113522,-0.068035767,0.874515043,0.95300448,-0.024130134
Q7M759,Abhd17b,Alpha/beta hydrolase domain-containing protein 17B OS=Mus musculus GN=Abhd17b PE=2 SV=1,17.15419434,17.58872021,17.41512798,17.32284336,17.10372594,17.30515325,17.47165631,17.25167256,17.43613483,17.53870031,17.49881052,17.09034295,17.19921039,17.63452174,17.54575173,17.37603103,17.46921134,17.67624472,17.43939174,17.2803153,17.37957116,17.38637282,17.29807982,17.23445836,17.25367808,17.50826101,17.53193189,17.4057383,17.30813423,17.54239811,17.33270444,17.14106583,17.05712116,17.51105419,17.44971241,17.47845706,17.28855623,17.63918254,17.61132583,17.11988265,17.3385606,17.53383392,17.47082155,17.28849875,17.49340988,17.5032454,17.58143197,17.29008538,0.738112816,0.946204339,0.042140838,0.717530663,0.896980489,-0.045600932
Q8VCV1,Abhd17c,Alpha/beta hydrolase domain-containing protein 17C OS=Mus musculus GN=Abhd17c PE=2 SV=2,16.3977044,16.78469698,16.58064185,16.17799571,16.43191043,16.51304083,16.45317803,16.42814138,16.61687801,16.42045617,16.45296351,16.10924205,16.38966671,16.77186524,16.68123578,16.46250992,16.59988247,16.73790511,16.46709424,16.32919693,16.61024559,16.61029342,16.50536945,16.45783833,16.32900426,16.55394402,16.72887573,16.28782943,16.55160809,16.53232863,16.43530804,16.09925399,16.24223319,16.63248228,16.48208769,16.41175289,16.44106246,16.59589155,16.75126025,16.03353272,16.52636632,16.55842065,16.46583672,16.3944164,16.63321044,16.58592472,16.62428189,16.31220338,0.64022027,0.922699366,0.063991749,0.657589071,0.871625927,0.060676956
Q8VD66,Abhd4,Abhydrolase domain-containing protein 4 OS=Mus musculus GN=Abhd4 PE=2 SV=1,16.45404649,16.12876571,15.8922979,16.06745707,16.24018301,16.28439078,15.59267507,16.2512083,16.06229468,16.15464146,16.1086291,16.70681193,16.77369771,16.16196105,16.58893998,16.06160046,16.16602748,16.61730775,15.76753667,16.16182851,16.3917774,16.22186811,16.13653826,16.38428783,15.99792472,15.85529448,15.90560805,15.91171147,16.1414527,15.73273984,15.76773766,16.19531709,16.9850633,16.27668097,16.14829636,16.22299011,15.92760014,16.17706983,16.32092741,16.44639515,16.48964577,16.24800368,16.41427148,16.22928256,16.43081417,16.76916665,16.66140632,16.33747088,0.001571638,0.1125008,0.632079828,0.430455391,0.743554346,0.147976109
Q8R2Y0,Abhd6,Monoacylglycerol lipase ABHD6 OS=Mus musculus GN=Abhd6 PE=2 SV=1,15.57289599,16.04390889,16.00520328,15.68839171,16.0551918,16.11076015,15.52809631,15.75260604,15.9099151,15.86632312,15.75395356,15.66484012,15.65390845,16.18350715,16.18013674,15.73926574,15.83532756,16.21889212,15.37568568,15.6768318,15.84132802,15.80923123,15.84707192,15.64899377,15.64875821,16.14269032,16.01747436,15.76499145,16.05646808,15.95872039,15.41436231,15.57891923,15.91068532,15.91666736,16.20128011,15.5409502,15.57636299,15.93285484,16.18194823,15.5353891,15.77123564,15.95300184,15.34313428,15.48551251,15.72698546,15.97860031,16.01174875,15.47814631,0.60806604,0.914976345,-0.09460838,0.824116281,0.937159486,-0.040943734
Q8CBW3,Abi1,Abl interactor 1 OS=Mus musculus GN=Abi1 PE=1 SV=3,15.15403255,15.30854848,14.2772606,15.10617502,14.56069319,14.26401248,14.85362761,14.49074252,14.41517734,14.77180988,14.42379564,15.36791487,14.77338787,14.53919361,14.61438733,14.24760487,14.98905371,14.658742,14.62116239,14.84440487,14.99371271,14.45721436,14.44643838,14.3639191,14.52995824,14.95883882,14.43296868,15.08699723,14.69466937,15.10267678,14.47593896,15.09925164,15.34776575,14.79616594,14.59645628,14.11158041,14.94212012,14.42731311,14.65429466,15.51840649,14.44646346,14.18272743,14.55698404,15.03337295,14.70149438,14.3405727,14.92971152,15.25787783,0.829032413,0.964508441,0.055223369,0.127027393,0.511633855,-0.396183031
P62484,Abi2,Abl interactor 2 OS=Mus musculus GN=Abi2 PE=2 SV=1,15.73019025,15.95296777,14.84454398,15.4121089,15.19232908,14.80598595,15.12399047,14.84256772,14.77055763,15.23843443,15.12457378,15.93409235,15.20793298,15.1350151,15.10454317,14.67669215,15.54556161,15.27696142,15.25524951,15.40151272,15.61701903,14.9866182,15.03048893,14.64118124,15.07082766,15.62033595,15.00936796,15.28947222,15.17536696,15.67465796,15.05088487,15.58918328,15.98462374,15.19770105,15.0894753,14.67167211,15.43415351,15.11881191,15.42878876,16.03972737,14.98058839,14.8398216,14.90313638,15.67744138,15.21223465,14.73685553,15.58023016,15.88830498,0.690757145,0.93795775,0.106905382,0.12691792,0.511633855,-0.416125876
Q4JIM5,Abl2,Abelson tyrosine-protein kinase 2 OS=Mus musculus GN=Abl2 PE=1 SV=1,14.17816252,13.8502382,13.37311395,13.86139622,13.73997759,13.55823842,13.72822831,13.18122451,13.54340611,14.40622448,13.91718479,14.46762698,13.74455281,13.90899295,13.98035721,12.98968999,13.86377366,13.82143738,13.95314051,14.35150934,13.96196001,13.9153843,13.75999889,13.53711613,13.8639748,14.20004288,14.02511747,13.59081566,13.7554756,14.16084666,14.05096999,14.80754175,14.42159678,13.62487685,13.40506486,14.0037746,13.97182117,13.63081505,13.77440079,14.67044909,13.73063486,13.91334937,14.22474631,13.77580632,13.8778967,13.58516432,14.12609147,13.82229851,0.783203212,0.950624731,-0.067124953,0.92774545,0.973643111,-0.02211289
Q921H8,Acaa1a,"3-ketoacyl-CoA thiolase A, peroxisomal OS=Mus musculus GN=Acaa1a PE=1 SV=1",13.11701969,13.26152296,13.48134039,13.45688254,13.23595944,13.27312003,13.04865956,13.25108279,12.94745226,13.09716901,13.78566941,13.33215769,12.66298767,14.20740156,13.39023348,12.37794228,12.64108381,13.74021399,12.88205355,13.46371405,13.18396611,13.00812051,13.83081512,13.17186699,12.86676093,13.83542824,13.53110416,13.20981942,12.86204468,13.25000628,12.95853778,13.03338184,14.01258368,13.05432324,13.68503522,13.29973963,12.51199754,13.61619552,13.90834805,13.82302915,12.96977104,13.70960939,13.03961615,13.0697228,13.10535694,13.1517728,13.48803013,12.73318378,0.426508146,0.881632648,-0.241192273,0.919576977,0.972192865,-0.030499212
Q5SWU9,Acaca,Acetyl-CoA carboxylase 1 OS=Mus musculus GN=Acaca PE=1 SV=1,17.63799864,17.69998011,17.97233283,17.8591565,17.82072851,17.76196476,18.00301364,17.68231191,17.79421787,17.87112382,18.08183086,17.69578963,17.55804093,17.85706451,17.93777162,18.0588514,18.08947057,18.00772426,18.09372543,17.9076525,17.90348788,17.96806287,17.95067065,17.83629245,17.77481698,17.81451357,17.94976275,17.90260046,17.99698393,17.89711897,17.97615457,17.80043793,17.54611753,17.8848275,17.92713834,18.01914604,18.02555794,17.6789838,18.03847484,17.94617956,17.93346616,17.95089405,18.03714512,18.14387095,18.23961989,17.93984956,18.06193657,18.07853954,0.045107915,0.570512607,0.219562952,0.255875864,0.629593229,0.122261447
P50544,Acadvl,"Very long-chain specific acyl-CoA dehydrogenase, mitochondrial OS=Mus musculus GN=Acadvl PE=1 SV=3",19.74940608,18.77329082,17.84211248,18.36225424,19.09085987,18.97120368,18.27022769,19.11673273,18.61576427,18.95084009,18.70370464,19.70616469,20.27470403,18.5797476,18.14678485,18.50031188,18.51178187,18.35353492,18.69323143,18.71131509,18.57861713,19.13441393,18.69751368,19.24290566,18.49147491,18.71459322,17.87926343,18.55390062,19.24280939,18.32834457,18.18395003,19.10085371,19.92686337,19.01105348,18.19703416,18.16304239,18.6654088,17.85995551,17.99586068,19.1118547,19.21069415,18.44777861,18.72482597,18.32009231,19.08165395,18.98657867,17.9518503,18.91599053,0.420149285,0.879890344,0.324210317,0.563883126,0.829795398,0.231596694
Q6ZQK5,Acap2,"Arf-GAP with coiled-coil, ANK repeat and PH domain-containing protein 2 OS=Mus musculus GN=Acap2 PE=1 SV=2",15.82369268,16.16260991,14.25569729,16.15806704,15.68753908,15.27220229,15.3218083,15.6910059,15.23039081,15.82824843,15.7728269,16.90642715,15.82596893,14.42049501,15.57306179,13.57869861,15.89590475,14.771573,15.35133298,16.06776696,15.92735375,15.8010433,15.50988038,15.06228286,15.75729456,15.68337036,15.07870258,15.67854956,15.65509408,16.16976998,15.37299992,16.51101897,15.80176316,15.83170369,15.42968155,14.74064263,15.84842809,15.38386804,15.45700625,17.00507211,15.55869893,15.37582181,14.80449012,16.29655712,15.47360298,15.77671431,15.93812775,16.47933927,0.399340885,0.879890344,0.367466813,0.954287955,0.983858644,-0.024876654
Q8BMP6,Acbd3,Golgi resident protein GCP60 OS=Mus musculus GN=Acbd3 PE=1 SV=3,14.69290984,14.15151109,13.43278796,14.21230843,14.38137958,13.65310431,14.08571699,14.12078974,14.26717795,14.43910578,14.18584022,14.60303115,14.39457316,14.08820145,14.40134264,13.93205936,14.62416235,14.01922951,14.33129628,14.55470451,14.5320622,14.49738837,14.16473599,14.15423746,14.13639048,14.11138902,13.78987967,14.49368718,14.47139812,14.29028736,14.28582241,14.11978874,14.7421615,14.50734261,14.23050297,14.2951506,14.51590863,13.94312885,14.13900567,14.41309796,14.44737389,14.10764942,14.36398272,14.28922207,14.50496464,14.41285194,14.38092069,14.31490621,0.15108347,0.746003309,0.270574284,0.252177622,0.627921575,0.214726676
P09470,Ace,Angiotensin-converting enzyme OS=Mus musculus GN=Ace PE=1 SV=3,15.14244528,15.36974288,15.35052071,15.48418832,15.3936541,15.6376744,15.46387511,15.51296619,15.4682337,15.79755754,15.7751193,15.49748576,15.5483247,15.75022497,15.54893548,15.46434123,15.44920174,15.70967671,15.76328206,15.57542558,15.44339053,15.64395561,15.57844452,15.80977826,15.38124763,15.59809038,15.45254107,15.30316389,15.42435418,15.3244472,15.45941798,15.46193356,15.36366652,15.57858758,15.49179299,15.56026903,15.47675025,15.33252989,15.49569227,15.45215443,15.55432123,15.51576759,15.6296211,15.50263769,15.47221567,15.44175932,15.23207539,15.3394498,0.507126028,0.895591543,-0.062385696,0.004383313,0.154691352,0.282167934
P21836,Ache,Acetylcholinesterase OS=Mus musculus GN=Ache PE=1 SV=1,13.27767456,13.36625789,13.72016597,13.5369559,13.32961498,13.89676244,13.33159921,13.76979166,13.78486231,13.28652774,13.88295935,13.67354713,13.72724376,13.78065881,13.41642958,13.7176669,13.75630817,13.60805763,13.74088883,13.53960791,13.77552545,13.45809537,13.47394127,13.77969259,13.57941411,13.45061678,13.57040926,13.60899298,13.73385665,13.64453326,13.62562479,13.34950419,13.74179297,13.44506528,13.88414085,13.59304979,13.49106789,13.53127706,13.45537314,13.48662406,13.31494085,13.30791084,13.11358423,13.77792941,13.02866693,13.93906865,13.66636374,13.40543769,0.785936682,0.951157151,-0.04247403,0.351251204,0.689898688,0.146550094
Q9JIX8,Acin1,Apoptotic chromatin condensation inducer in the nucleus OS=Mus musculus GN=Acin1 PE=1 SV=3,15.92607914,14.80605883,16.49349218,15.67206674,15.53750476,15.25568779,14.77625389,15.80107604,15.18417756,15.50415262,14.99184075,15.61460743,15.4631262,14.76958499,15.57802841,16.09533381,15.41957455,14.59344682,15.14863765,15.23939925,15.31047644,15.03454117,14.68272753,15.47465061,15.27156542,15.40261134,14.5003965,15.77277208,15.41329343,14.92412945,14.87345663,15.30558892,15.69409609,15.19656239,15.32404139,14.49612709,15.48082485,13.91897532,15.13355387,15.02601693,15.31907913,15.64886695,15.4103405,15.1078034,15.38242362,15.54700106,15.13113462,14.84090613,0.971389407,0.995623599,-0.011469975,0.067070918,0.419381637,-0.598825285
Q91V92,Acly,ATP-citrate synthase OS=Mus musculus GN=Acly PE=1 SV=1,15.4690811,15.93324829,14.1934897,15.44545234,14.89672869,14.27900476,15.19822448,14.7060195,13.33759952,14.71130174,15.03125403,15.13672503,13.57255387,14.59158922,14.17310904,14.68939068,15.58646971,15.59563669,15.36296048,15.68653011,15.45831835,14.67075603,15.17089808,14.57648546,14.60442425,15.16697731,14.90792591,15.31680449,15.1782026,15.87443686,15.48915531,14.77563088,14.4431903,14.95652318,14.57340239,14.7670263,15.25865746,15.53553365,15.60779794,15.49042006,14.45077256,14.57015153,15.06218731,15.83651605,15.44095445,14.06840173,15.18871982,16.16758671,0.557347412,0.897623735,0.217382686,0.432663526,0.744364468,-0.291203377
Q99KI0,Aco2,"Aconitate hydratase, mitochondrial OS=Mus musculus GN=Aco2 PE=1 SV=1",14.6126706,13.71297632,17.25862606,14.59611245,15.08921867,14.09002276,13.42233993,14.22120433,15.49710627,14.59039928,13.73316758,14.8153855,14.34322024,13.78243915,14.8020064,15.79929473,13.95389295,13.70419803,13.52277143,14.99145662,14.96628684,14.35770844,14.7865783,15.35398676,14.60242928,13.98730431,13.88294397,14.75429541,14.4572463,14.08772169,15.21993626,14.55754963,15.89581811,14.81119526,14.35394018,12.98022048,14.13106394,13.75018494,13.6943678,16.05773731,14.39263015,15.19883703,13.09924682,13.87611277,14.53344595,14.69812959,14.34712775,14.31783974,0.775455013,0.948237442,0.167392516,0.760420369,0.912996625,-0.178956276
Q8VHQ9,Acot11,Acyl-coenzyme A thioesterase 11 OS=Mus musculus GN=Acot11 PE=2 SV=1,19.62294253,19.7139078,19.50105363,19.15440315,20.30434823,19.53169879,19.63221496,19.73668922,19.52391764,19.6111893,19.37253994,19.31178111,19.78504597,19.6141466,19.91828737,19.41680449,20.04819005,19.87752754,19.42928387,19.89125685,20.01284758,20.15249118,19.77639202,19.51814289,19.85953475,19.74490622,19.69566242,19.72661201,19.98228358,19.6092931,19.86890886,19.49505815,19.50481114,19.84949942,19.80369457,20.05469493,19.77554759,19.62450289,19.63395865,19.49411728,20.10726441,19.91953476,19.87073517,19.86804483,20.07611485,20.27922835,20.41667284,19.97925077,0.008612614,0.319527978,0.431137853,0.023651983,0.278077362,0.366891643
Q91V12,Acot7,Cytosolic acyl coenzyme A thioester hydrolase OS=Mus musculus GN=Acot7 PE=1 SV=2,16.16855059,15.73941138,14.295618,14.79983078,14.60313673,13.99623842,14.54162922,12.68556579,13.39046372,14.45330309,14.53827967,14.3196065,13.90041981,14.81326011,14.85755148,10.84557269,15.11030334,15.46707901,14.45866734,14.2332745,15.51813292,14.76917945,14.53477801,12.80079638,14.43307728,15.47623099,14.34791471,14.12856103,15.08423412,15.65942803,13.70632353,13.96854394,14.32348508,15.38361073,14.97493604,13.66849427,15.04092631,14.72341888,15.29301507,15.28519731,14.33557397,14.71168448,13.85796651,14.57897059,15.3869891,14.32335702,15.0081175,15.48664885,0.457041759,0.886730061,0.454832113,0.170735149,0.566121809,-0.845130999
P24638,Acp2,Lysosomal acid phosphatase OS=Mus musculus GN=Acp2 PE=2 SV=2,15.89076543,16.20958735,15.95279165,16.05461374,16.32217568,16.25148443,16.05339063,15.83704907,16.63709847,16.25711331,16.19587286,15.96038751,16.14496496,16.31126483,15.99552374,15.96871756,16.14828136,16.09897472,16.09644165,16.16246508,16.4769383,16.42620154,16.41562525,16.2167981,16.34734807,16.10024685,16.44055516,15.89106725,16.30141164,16.20344534,16.04266594,15.94068165,15.85662906,15.86519206,16.58241072,16.21204852,16.33034539,16.46813865,16.15454723,15.78651754,16.35869915,16.01129809,15.86715808,15.9852282,15.92786714,16.21488275,16.27608334,15.90283704,0.464660111,0.890672658,-0.114386766,0.026691696,0.291684309,0.356951252
Q3V140,Acrbp,Acrosin-binding protein OS=Mus musculus GN=Acrbp PE=2 SV=1,15.73960166,14.41534263,10.63842328,15.31797975,15.09066443,13.75908284,13.77502413,14.80188257,14.6364649,15.39309122,13.888373,15.79229016,15.57678331,10.21906151,13.47222964,11.43489154,15.14852501,13.4262425,14.2014188,15.02998409,15.02271335,14.74997549,13.05265226,13.97264031,15.04888118,13.47429411,12.90799148,14.38785026,14.36266834,14.21959367,14.04847913,15.56117991,16.39644176,14.20168453,13.33337571,12.90900717,14.96789264,12.9104461,13.48900142,15.94165019,14.56636173,13.98705495,13.39956895,14.81514263,14.58807139,14.64657715,14.31181264,15.07768799,0.431077813,0.881632648,0.70128304,0.846591547,0.946663515,0.171658523
Q99PU5,Acsbg1,Long-chain-fatty-acid--CoA ligase ACSBG1 OS=Mus musculus GN=Acsbg1 PE=1 SV=1,21.31731537,21.75696861,21.50828606,21.37164948,22.23146598,21.29728124,21.68546012,21.2484673,21.89911093,21.58689692,21.68621221,21.22497539,21.36590136,21.77605624,21.74821392,21.72550745,21.87849528,21.60562605,21.67750518,21.71471582,21.9337372,22.05179676,22.00365692,21.44989727,21.89926694,21.52347887,21.67254815,21.62052215,21.89660276,21.70586441,21.79337245,21.53651338,21.1333891,21.72141413,21.86613274,21.82557231,21.89457553,21.83406654,21.50840537,21.49607369,22.1810097,21.72424015,21.74294035,21.95604435,22.1034369,22.1463705,22.15369633,22.00931583,0.018865224,0.41384827,0.424250862,0.038297838,0.342832387,0.371217159
P41216,Acsl1,Long-chain-fatty-acid--CoA ligase 1 OS=Mus musculus GN=Acsl1 PE=1 SV=2,19.45938721,20.08582806,18.94173599,18.81064272,19.62534404,18.64259648,19.44058109,18.5679637,19.83508791,19.12882679,19.29818386,18.61018687,18.87630024,19.15103979,18.54266501,19.15888624,19.76208778,18.86346981,19.32687944,18.95901231,19.05976051,19.7939991,19.52400703,18.81597812,19.45051529,18.77268538,19.59528465,19.56504047,19.7803343,19.19628216,19.67996834,19.05734166,18.59395106,19.28855322,19.0550625,19.24032143,19.50023003,18.87798181,18.98640648,19.02069343,19.28620355,18.81955763,18.88360652,19.45642246,19.58531598,19.6570301,18.91922341,19.95378031,0.529588275,0.895591543,0.182956004,0.92873645,0.973643111,-0.025962301
Q9CZW4,Acsl3,Long-chain-fatty-acid--CoA ligase 3 OS=Mus musculus GN=Acsl3 PE=1 SV=2,16.37519954,15.86486645,15.76611305,15.9418641,16.2622493,16.43821254,15.60613157,16.52698957,16.23630231,16.22194766,15.64885729,16.33991633,16.52607542,15.5875177,15.81780089,15.89174457,15.81002015,15.41672201,15.64313632,16.16619307,16.1871342,16.12184612,15.84821186,16.23579896,16.06496238,15.67402064,15.5735309,16.00971579,16.05273666,15.40258129,15.73224327,16.07840228,16.53630206,15.62123577,16.03945685,15.53350408,15.91477587,15.29378557,15.66254306,16.05678594,15.98289397,15.95099948,15.46057177,15.67768595,15.7552651,16.17820108,15.77218083,15.99717657,0.672194221,0.93011187,0.09514847,0.620972537,0.856734909,0.111237001
Q9QUJ7,Acsl4,Long-chain-fatty-acid--CoA ligase 4 OS=Mus musculus GN=Acsl4 PE=2 SV=2,15.57222386,15.17203322,14.77087151,15.01875084,15.31257084,15.4112745,14.78408253,15.52680232,15.23623468,15.27054986,14.68619029,15.30321498,15.5630634,14.74096464,14.94709017,14.83386926,15.2162295,14.68259379,14.63261477,15.16841195,15.42417619,15.15293673,14.90257504,15.15545152,15.31927377,14.78547736,14.70158047,15.18348054,15.28589091,14.59110213,15.08745569,15.11267919,15.49413219,15.03260063,15.1589217,14.76167281,15.098459,14.60673312,14.72143827,15.23708245,15.28907591,14.95693029,14.52609422,14.84398536,15.09016647,15.31838263,15.08464755,15.2416601,0.377853251,0.875221806,0.186261153,0.904117866,0.964180631,0.025315011
Q8JZR0,Acsl5,Long-chain-fatty-acid--CoA ligase 5 OS=Mus musculus GN=Acsl5 PE=1 SV=1,16.75350978,17.25446281,16.58241394,16.4917611,16.99158809,16.41147353,16.86515478,16.40194087,17.23500565,16.55813832,16.6945397,16.36560352,16.48849628,16.68493101,16.3477582,16.71166633,16.94743291,16.49277664,16.70906521,16.64505861,16.70906827,17.05074034,16.86614062,16.53343109,16.76545082,16.41898729,16.87884935,17.02164877,16.98761429,16.59647977,17.07579207,16.6382584,16.34900412,16.78866497,16.8405372,16.80430839,16.76465087,16.49209441,16.62897535,16.64461337,16.68228691,16.43814739,16.471884,16.79894714,16.93343627,16.98969805,16.66254799,17.15949572,0.350428276,0.861683894,0.165060452,0.912527705,0.969327572,0.019308172
Q91WC3,Acsl6,Long-chain-fatty-acid--CoA ligase 6 OS=Mus musculus GN=Acsl6 PE=2 SV=1,17.87602639,17.50903073,17.75262828,17.60466972,18.16748265,17.91877976,17.46983982,17.92383336,18.06215488,17.72082877,17.65654077,17.65268575,18.05535154,17.68020022,17.55459571,17.74639892,18.0000458,17.33002406,17.48613146,17.78166341,18.13413874,18.06687185,17.69728395,17.68103685,18.04228969,17.38847877,17.47236266,17.74172017,17.9338227,17.5176914,17.67076142,17.63874581,18.07262304,17.77393544,18.10456045,17.33610673,17.96842511,17.26403929,17.32912264,17.63259559,17.90148965,17.61534601,17.0243395,17.6105024,17.82429858,18.04520939,17.74213808,17.57888886,0.475811633,0.89494006,0.136420906,0.276243543,0.642278551,0.209244069
P68134,Acta1,"Actin, alpha skeletal muscle OS=Mus musculus GN=Acta1 PE=1 SV=1",23.07279236,22.80275855,22.28414496,22.8546835,24.01428965,22.36379042,22.88902609,21.94375443,22.73364028,24.02351024,23.76398569,23.23994304,23.50628833,23.83157684,22.1105994,22.4201361,21.98376094,22.60712364,23.26381258,23.51398288,22.21965504,23.5259503,23.27767666,23.01057339,22.64134546,23.86832547,22.28903205,22.18020222,23.54071922,23.40957089,21.88815219,23.33629193,23.70911914,23.33444396,21.98055831,21.87569009,23.46351125,21.64552364,22.04939518,23.85558204,23.74696684,23.02783319,23.20752062,21.72864588,23.39960381,23.22937819,21.92204361,22.58280424,0.942190245,0.993409475,0.038731159,0.633719075,0.861276298,0.254869005
P60710,Actb,"Actin, cytoplasmic 1 OS=Mus musculus GN=Actb PE=1 SV=1",23.06380816,22.78181808,22.28496909,22.8615255,24.0319896,22.39127181,22.87745735,21.93610323,22.73851719,24.00645111,23.72556714,23.25634029,23.49665457,23.77025899,22.14258808,22.42904041,22.00266439,22.59484979,23.24143964,23.51195261,22.21201866,23.54327113,23.29100092,23.00239454,22.62947638,23.78670586,22.32130332,22.20287115,23.55210754,23.37609483,21.92525243,23.34219186,23.72429505,23.33527801,22.00491282,21.86635469,23.45080559,21.67875038,22.0733489,23.86109755,23.76487466,23.03977156,23.16396895,21.75326693,23.39732353,23.23460301,21.96536692,22.60000661,0.90253347,0.982911074,0.064235839,0.61512041,0.854437522,0.264141107
Q8BFZ3,Actbl2,Beta-actin-like protein 2 OS=Mus musculus GN=Actbl2 PE=1 SV=1,22.82331523,22.40970085,21.89704666,22.54354215,23.72820525,22.00602476,22.57344338,21.59553473,22.50855438,23.64591416,23.41628233,22.9455753,23.22783626,23.44869388,21.7265782,22.0574234,21.98196154,22.2152246,22.89673545,23.19034641,22.11103678,23.29255216,22.95414831,22.67441662,22.45904833,23.46141603,21.97927232,21.81229569,23.28797425,23.0573899,21.54559519,23.04312452,23.40732337,23.08294312,21.67038553,21.50392099,23.1352022,21.27554582,21.66895693,23.5475135,23.46441068,22.69113204,22.81764403,21.40687029,23.16839679,22.95696399,21.58214561,22.27124701,0.900873669,0.982911074,0.066680259,0.526847593,0.805762932,0.339637248
P63268,Actg2,"Actin, gamma-enteric smooth muscle OS=Mus musculus GN=Actg2 PE=1 SV=1",23.07468922,22.80590906,22.28455342,22.8620374,24.01858868,22.36209106,22.89319908,21.93410674,22.73326642,24.03070115,23.77359776,23.25356223,23.51189196,23.8448942,22.09923885,22.41902673,21.97460445,22.60923624,23.27687735,23.52800373,22.20850754,23.53026426,23.27488407,23.0211885,22.63291151,23.87560959,22.28327868,22.1751578,23.53861019,23.42103178,21.88704359,23.34605555,23.71580514,23.33577758,21.97540087,21.86609016,23.46710953,21.62957429,22.04761651,23.86599152,23.75114436,23.03061713,23.21504681,21.71876908,23.40124747,23.22773636,21.91407369,22.58240861,0.941337993,0.993409475,0.039627139,0.640391749,0.864645213,0.251913818
Q7TPR4,Actn1,Alpha-actinin-1 OS=Mus musculus GN=Actn1 PE=1 SV=1,17.65001597,17.02848039,16.86671037,17.79982779,18.75316064,16.99390307,17.00771856,16.63019677,17.13996335,18.44473439,18.1137646,18.25112911,18.16850863,17.461113,16.48335455,16.60615486,16.52760637,16.80260234,17.40294463,17.92490015,16.86994486,17.68880857,17.76420953,17.62540948,17.07970463,17.97518648,16.37230208,17.30385137,18.16495712,17.80191571,16.79621608,18.37163162,18.85275273,17.86524585,16.61914019,16.07482696,17.8870517,16.29103529,16.77666041,18.72674323,18.19790345,17.58983614,17.49265914,16.73398391,17.69444625,17.85234353,16.57048845,17.31261515,0.741845167,0.946204339,0.174712203,0.776071293,0.91564887,0.150834483
Q9JI91,Actn2,Alpha-actinin-2 OS=Mus musculus GN=Actn2 PE=1 SV=2,15.43096279,15.50641292,15.12379584,15.998058,16.61065079,15.41025046,15.29939685,15.13323285,15.52663816,16.42391666,16.42061222,16.51357341,16.09056942,15.73760377,14.95098074,14.99883023,15.04636549,15.16263154,15.79567098,16.37417067,15.05129437,15.84480465,16.03829744,15.91723716,15.31806913,16.15047826,14.74837596,15.61871027,15.91200742,15.99222444,15.10878263,16.59427395,16.45129925,15.72774053,14.90503229,14.6096316,15.94749723,14.7377146,15.06520804,16.94843641,16.24467246,15.91203832,15.89299268,14.88485815,15.61897318,15.77250682,14.80495379,15.36984648,0.875701337,0.975956864,-0.067338339,0.645801094,0.865648275,0.198101016
P57780,Actn4,Alpha-actinin-4 OS=Mus musculus GN=Actn4 PE=1 SV=1,16.90710466,16.35229108,16.10136293,17.05977903,17.84426032,16.32710944,16.25604395,16.15747148,16.23066344,17.57194506,17.31512064,17.31648744,17.41695668,16.70788632,15.96620531,15.79156312,15.86621555,16.1826641,16.60732854,17.00374511,16.16046038,16.77712102,17.02002899,16.78380823,16.24973813,17.33869102,15.78400642,16.51412066,17.27869749,16.9939195,16.15442114,17.35041118,18.00549563,17.12605513,16.04699109,15.52874468,17.03822486,15.8289165,16.44939643,17.69864015,17.28587508,16.90749534,16.6778979,16.20161615,16.84648027,17.01874958,16.04578879,16.65884725,0.706504068,0.940538159,0.170827417,0.85954078,0.949704389,0.080220229
Q9QZB7,Actr10,Actin-related protein 10 OS=Mus musculus GN=Actr10 PE=1 SV=2,14.82026991,14.98228888,12.13682083,14.57933639,14.50687117,13.69735399,14.33171686,14.10323253,14.26005328,14.22930646,14.20145159,15.051169,14.53456659,13.67960178,14.20653454,13.573736,14.32241516,14.13380002,14.10108239,14.65582298,14.84068557,14.3349897,14.07356642,14.01213086,13.95508388,14.56848834,14.20793697,14.07119743,14.46823371,14.78837529,13.80696292,14.78476679,15.33810258,14.40644629,14.36860882,13.65832915,14.19794122,13.99296321,14.83311613,15.1936202,14.346964,13.59145581,13.44527196,14.48818776,14.43084997,14.4705108,14.1814995,14.59149225,0.581531719,0.905888837,0.217911475,0.638465432,0.863562592,0.185664135
P61164,Actr1a,Alpha-centractin OS=Mus musculus GN=Actr1a PE=2 SV=1,16.63269861,16.46264729,15.52275328,16.10392904,16.24523721,15.49486739,15.7054722,15.51914333,15.48827819,15.95113895,16.09665538,16.63596723,16.15794742,16.09831162,15.58924113,14.82622931,16.17723515,15.86720477,15.53713907,16.13746355,16.35667371,15.95495682,15.90739742,15.04422063,15.57538998,16.09330302,15.57703645,15.64993789,15.90125677,16.32226875,15.61394378,16.3069452,17.23699188,15.90130369,15.87224925,14.96672921,16.01586581,15.58397222,16.06630243,16.88796379,15.73792697,15.56648212,15.08505573,15.84494639,15.80866608,15.72389002,15.97580109,16.27251689,0.517776274,0.895591543,0.221301684,0.288745814,0.647951954,-0.364694912
Q8R5C5,Actr1b,Beta-centractin OS=Mus musculus GN=Actr1b PE=1 SV=1,16.94329833,16.74103869,15.63208881,16.49867696,16.42607247,15.80427107,16.10195197,15.87050083,15.87204978,16.30560775,16.41032293,17.06794317,16.46433886,16.30112992,15.84450269,14.7045578,16.38220609,16.05378344,15.77029687,16.20050576,16.6791232,16.3385882,16.15235341,15.42375751,15.94285426,16.32428238,15.88332986,16.03655791,16.35037064,16.69200023,15.79977369,16.76170951,17.49004955,16.37394572,16.0244916,15.17842039,16.35191397,15.94313136,16.3537828,17.26672892,16.05159962,15.93336307,15.25396801,16.17851341,16.20590807,16.1032643,16.29668975,16.65279799,0.465837029,0.891214262,0.267908923,0.406403413,0.726046548,-0.305320117
P61161,Actr2,Actin-related protein 2 OS=Mus musculus GN=Actr2 PE=1 SV=1,14.66449729,14.82300733,14.27062977,14.71438709,15.02833507,14.34025512,14.64205844,14.3098705,14.2160957,14.48819691,14.78165248,14.47358574,14.85788734,14.8722384,14.07142107,14.27436429,13.26581673,14.33196411,14.57222919,14.24861362,14.22202393,14.809975,14.76360001,14.67757577,14.07167899,14.49932627,14.12446425,14.36603865,14.95423589,14.74005137,14.27118089,14.67979381,14.51029136,14.3991523,13.72579945,13.95479349,14.32525688,13.98286491,14.45421079,14.99267347,14.78580874,14.13092469,14.46553569,14.28606783,14.98862928,14.31743166,13.85843143,14.71157488,0.421360718,0.880038936,0.203639771,0.999483315,0.999792225,0.000163306
Q99JY9,Actr3,Actin-related protein 3 OS=Mus musculus GN=Actr3 PE=1 SV=3,14.60290646,14.4749273,14.08040806,14.46994129,15.14081836,13.98770883,14.73038608,14.06839512,13.81128501,14.19952146,14.66678996,14.55726511,14.74045301,14.66462706,13.72666905,14.23809289,13.87831491,13.7707037,14.42740001,14.29439239,13.99119628,14.8263782,14.55988722,14.66310361,13.62166802,14.67821426,13.93822378,14.20662134,15.00281573,14.55085092,13.94815562,14.58570105,14.3931763,14.2893563,13.76885461,13.61799804,13.57016968,13.29661169,13.87834964,14.9167241,14.56159261,13.61463609,14.37934412,13.89711927,14.58675644,14.18811276,13.74116165,14.39237049,0.705376595,0.940538159,0.115918484,0.73663224,0.904602813,0.103095551
P37172,Acvr1,Activin receptor type-1 OS=Mus musculus GN=Acvr1 PE=2 SV=2,14.23535622,14.54619809,14.27796579,13.87952817,14.41970046,14.25896764,13.96936139,14.13392944,14.42140779,14.40487351,14.35050584,13.69762364,14.0796924,14.67239779,14.54433366,13.81841925,14.40550447,14.54211012,13.84108413,14.09610111,14.60618429,14.74970521,14.63949685,13.72347083,14.14367934,14.73308245,14.69134466,14.26600124,14.43135522,14.50815672,14.03946538,14.31058771,14.13962117,14.35352446,14.58119963,14.08249007,14.46229512,14.40227642,14.66417318,13.49093193,14.49568307,14.48326045,14.0481368,14.37180221,14.94252892,14.54845429,14.88854499,14.17806332,0.443334434,0.882519956,0.180870955,0.408952001,0.728650337,0.194952227
Q61271,Acvr1b,Activin receptor type-1B OS=Mus musculus GN=Acvr1b PE=1 SV=1,14.96243054,15.63177897,15.15329222,15.18653114,15.6775173,14.96607583,15.08594587,15.38309029,15.33528558,14.84164317,15.03347776,15.06411418,14.9086321,16.46298841,15.28861809,15.11710621,15.58730076,16.00604307,15.08465661,15.28875613,15.27264311,15.58187436,15.13320219,15.10381942,15.37823521,16.05274825,15.05256436,15.40211414,15.23111401,15.71058264,15.36026647,15.07012392,15.18445129,15.39460563,15.70103954,15.2282133,15.15515266,15.46280607,15.40156559,15.18541652,15.42472792,14.6716965,15.14910125,15.32309055,15.14394234,15.36791165,15.80098544,15.45280721,0.90158917,0.982911074,-0.030003828,0.87109335,0.951946295,0.039376555
Q9R1V4,Adam11,Disintegrin and metalloproteinase domain-containing protein 11 OS=Mus musculus GN=Adam11 PE=1 SV=2,14.68546904,14.86486362,14.73929985,14.67189345,14.93931291,14.85503282,14.76770386,14.90736881,15.00302887,14.67311281,14.63151274,14.60621383,14.84401562,14.84165281,14.62105335,14.61108138,14.80967053,14.6522306,14.95106453,14.80078891,14.91765032,14.95580827,14.669056,14.75304551,14.85442837,14.84414768,14.82068314,14.8187514,14.90414866,14.82273453,14.76429864,14.66626269,14.90693992,14.95211328,14.96016279,14.6773819,14.74793966,14.73077381,14.69472294,14.52092144,14.97911314,14.78840982,14.60762025,14.83175631,14.87698412,14.92854368,14.79251186,14.70086597,0.917157358,0.986276463,-0.009776236,0.376707385,0.7111814,0.083508531
O88839,Adam15,Disintegrin and metalloproteinase domain-containing protein 15 OS=Mus musculus GN=Adam15 PE=1 SV=2,17.23230585,17.09087888,16.90885593,17.03543102,17.31149624,17.10676821,17.15215065,17.00618996,17.06103541,17.01993227,17.13862673,16.98372585,17.1802753,17.12523238,17.06513455,16.95806948,17.43606565,17.21740704,17.14453824,17.08514367,17.28651819,17.13380587,17.09351901,17.21592009,17.25673534,17.07993585,17.1899501,17.0489024,17.12450445,16.92854396,17.02831266,16.84445574,16.85150057,17.17569817,17.01288473,17.11442908,17.2228918,17.12102241,17.01756681,16.75645852,17.31125474,17.02359574,17.23385117,17.06140407,17.13489559,17.0262588,17.16149045,16.94708026,0.438813225,0.882519956,-0.076449648,0.244206063,0.625789751,0.115572872
Q9R1V6,Adam22,Disintegrin and metalloproteinase domain-containing protein 22 OS=Mus musculus GN=Adam22 PE=1 SV=2,16.05117104,16.29743957,16.28096451,16.11368391,16.29406841,16.49494536,16.17994402,16.33157521,16.52640351,16.31855815,16.33275696,16.13549336,16.28106275,16.37810962,16.31506104,16.31921137,16.35692299,16.17072118,16.22516206,16.25129388,16.26654942,16.31943831,16.40696904,16.38556421,16.41280314,16.28683618,16.34754772,16.34056563,16.29865589,16.31014595,16.35653357,16.20927929,16.24612776,16.30875627,16.57653664,16.24673924,16.21347424,16.26049794,16.22381482,16.13927758,16.34775286,16.33939263,16.11581864,16.24020907,16.36034009,16.28104254,16.3865562,16.19720089,0.625502902,0.919309869,-0.040653242,0.062048277,0.406854561,0.158815483
Q9R1V7,Adam23,Disintegrin and metalloproteinase domain-containing protein 23 OS=Mus musculus GN=Adam23 PE=1 SV=1,17.32567008,17.36209219,17.28509848,17.27568198,17.40495524,17.46267945,17.42154702,17.5495277,17.49122449,17.36535312,17.349718,17.30867505,17.44948297,17.45336854,17.48788213,17.43301186,17.55213174,17.35017179,17.38458894,17.4682431,17.52105401,17.45018322,17.33724043,17.43470624,17.51640456,17.32943159,17.43964378,17.47769121,17.494098,17.33145427,17.5403805,17.2712355,17.23895651,17.38806748,17.52631383,17.42526087,17.42360214,17.31722198,17.3470256,17.19053044,17.44909985,17.27667743,17.31079727,17.37066314,17.36222157,17.25661297,17.38943931,17.40559484,0.237718362,0.813181922,-0.087325616,0.09752071,0.473577795,0.123660289
Q61072,Adam9,Disintegrin and metalloproteinase domain-containing protein 9 OS=Mus musculus GN=Adam9 PE=1 SV=2,16.46594272,16.12904642,16.1347095,16.38789971,16.60994291,16.42981936,16.35832105,16.4988505,16.56662349,16.56867256,16.59777588,16.06318418,16.53078476,16.51683162,16.54144094,16.40817871,16.76521961,16.31338441,16.56579529,16.61401725,16.76795251,16.60996903,16.75501554,16.41946142,16.74347265,16.51570802,16.60973094,16.53959894,16.54633828,16.43169668,16.53513671,16.25102683,16.28006247,16.63250882,16.47334977,16.58701719,16.72938093,16.10477849,16.17312832,16.21259428,16.78472924,16.52815976,16.54698587,16.424063,16.60989818,16.5853766,16.44587958,16.40088005,0.466034389,0.891214262,-0.09161903,0.006434277,0.166543035,0.358700039
Q99MU3,Adar,Double-stranded RNA-specific adenosine deaminase OS=Mus musculus GN=Adar PE=1 SV=2,14.55216136,14.0945789,14.7919434,13.82731744,14.05096323,14.25206555,14.04288684,13.99685651,14.06277766,14.34533942,13.87697012,14.56289702,14.02210263,13.82434799,14.25832567,14.5667795,14.31753903,13.86142392,14.27114172,14.16074626,14.54460522,14.10497962,14.47962837,14.63217892,14.07252383,13.78431745,13.62538215,13.91194574,14.18753287,14.14010907,13.61759404,14.299396,14.66767162,14.18628264,14.29519373,13.7912727,14.34407069,14.34183901,14.14499291,14.61528228,14.3522991,14.45321643,14.31733458,14.09000251,14.53052176,14.01206718,14.27535347,14.0117193,0.067128898,0.649814366,0.358873136,0.519387999,0.801033038,0.123847757
P84309,Adcy5,Adenylate cyclase type 5 OS=Mus musculus GN=Adcy5 PE=1 SV=2,14.96852253,15.21999941,15.13782974,15.26255303,14.99873068,15.29986441,14.93304128,14.94430539,14.99857388,15.09677804,15.21533158,15.01142194,15.12211443,15.2311516,14.97089789,15.02168169,15.11078551,15.1174866,15.27415124,15.29661986,14.94962634,15.00262714,15.24317247,15.32873377,14.98900155,15.25533861,15.08116869,15.24931144,14.77780708,15.10288802,15.07241205,15.00904294,14.90708488,15.16631018,15.1073024,15.02728126,15.07033825,14.94186076,15.23745072,15.11370632,14.93668721,15.3004701,15.09054929,15.00602119,14.9672245,15.08549536,15.18903529,15.1763885,0.704057331,0.940538159,-0.039169161,0.875171747,0.953097999,-0.016186244
P97490,Adcy8,Adenylate cyclase type 8 OS=Mus musculus GN=Adcy8 PE=2 SV=2,14.76454125,15.12778696,14.90625474,15.16410849,14.90531296,15.02999193,14.93541216,15.08607224,14.99052141,15.32564327,14.99235088,14.87955147,14.92213352,15.22611344,14.92894923,15.12358598,15.01622561,14.97799967,15.21965216,15.22155127,15.04352792,15.27141738,15.25618385,15.1782354,15.05880325,14.93107263,15.15517545,15.32586753,14.94680129,15.08877522,15.11522568,15.09781063,14.5938804,15.12707854,15.11318171,15.38329696,15.27189556,15.04562139,15.11066968,15.02137937,15.00753425,15.14805613,15.22398997,15.13703274,15.02930669,15.05505094,14.8961471,15.26100539,0.636217057,0.92241202,-0.057352184,0.110247085,0.491475324,0.196668279
P51830,Adcy9,Adenylate cyclase type 9 OS=Mus musculus GN=Adcy9 PE=1 SV=1,17.29669307,17.42221422,17.43896336,17.3941841,17.21505767,17.58513963,17.38789287,17.4808328,17.35620778,17.44431539,17.48036099,17.37452396,17.46865854,17.58941232,17.51097643,17.53326754,17.45040712,17.59637666,17.63222496,17.51456869,17.26185965,17.5055417,17.54508404,17.64648598,17.40213588,17.44479317,17.37127682,17.45184144,17.27643778,17.30990289,17.41042649,17.33965875,17.17088851,17.33513456,17.40729147,17.49682963,17.3995,17.41254985,17.47231848,17.27279025,17.41433141,17.55462253,17.7019555,17.42954578,17.37267152,17.36993144,17.59586541,17.54054,0.539933068,0.895591543,0.052240265,0.235847398,0.619586516,0.101729155
O70176,Adcyap1,Pituitary adenylate cyclase-activating polypeptide OS=Mus musculus GN=Adcyap1 PE=2 SV=1,15.17409165,16.33848247,15.79059363,16.11918623,14.38268974,16.1608635,16.60107423,16.06589501,15.71572303,15.74208747,16.10518866,15.68652438,15.60876181,16.37391441,15.93783443,16.16642576,15.44837154,16.20137458,16.6700708,15.92593419,15.36682506,14.49271443,15.76497742,16.06321947,15.50364969,16.10695846,15.95250066,15.89422211,14.57864441,15.88941852,16.11011837,15.3448426,15.19435906,15.6228432,16.07279415,16.38778882,15.31130193,16.39926835,16.17942937,15.49619065,14.42404347,15.85824224,16.3981499,15.79171116,15.60167264,15.58153019,16.09726188,15.44825307,0.648034535,0.925882462,-0.182153285,0.280182444,0.643308083,-0.433654402
