"ProteinAccession","GN","ProteinDescription","b1_s13_M_3","b2_s2_M_3","b2_s10_M_3","b3_s16_M_3","b1_s4_M_6","b2_s15_M_6","b3_s1_M_6","b3_s15_M_6","b1_s9_M_12","b1_s16_M_12","b2_s14_M_12","b3_s9_M_12","b1_s11_M_18","b2_s3_M_18","b2_s9_M_18","b3_s5_M_18","b1_s15_M_24","b2_s5_M_24","b3_s3_M_24","b3_s6_M_24","b1_s1_M_30","b1_s2_M_30","b2_s13_M_30","b3_s7_M_30","b1_s12_F_3","b2_s7_F_3","b2_s16_F_3","b3_s14_F_3","b1_s5_F_6","b2_s11_F_6","b3_s10_F_6","b3_s13_F_6","b1_s6_F_12","b1_s8_F_12","b2_s6_F_12","b3_s4_F_12","b1_s14_F_18","b2_s1_F_18","b2_s4_F_18","b3_s8_F_18","b1_s3_F_24","b2_s12_F_24","b3_s2_F_24","b3_s11_F_24","b1_s7_F_30","b1_s10_F_30","b2_s8_F_30","b3_s12_F_30","b1_s18_IR_IR","b2_s18_IR_IR","b3_s18_IR_IR","b1_s17_Ctr_Ctr","b2_s17_Ctr_Ctr","b3_s17_Ctr_Ctr"
"tr|D3YUR8|D3YUR8_MOUSE","0610007P14Rik","Protein 0610007P14Rik (Fragment) OS=Mus musculus GN=0610007P14Rik PE=4 SV=1",71163.26223,86366.16835,115305.7246,63694.49602,75836.68634,92694.32476,82545.9466,70262.36744,95395.11121,96037.48349,50744.96836,57176.27671,101501.2562,98300.69304,89130.67132,77422.19088,81202.50179,91200.05919,72714.52385,66057.47812,54552.7515,67819.62106,91745.03032,70449.66878,87487.65393,89606.00287,86841.55503,71397.73842,71568.47917,73677.37556,58348.31911,60127.07585,94686.94711,86107.08442,96622.7498,66059.38019,83752.28555,77796.66159,128741.6075,65923.28237,74742.13602,102810.5893,71050.6531,62100.48437,56947.97492,97150.39726,105727.8467,57623.53485,78304.01586,78304.01586,78304.01586,16791.36,11037.95306,9844.510363
"tr|Q9D937|Q9D937_MOUSE","1810009A15Rik","MCG127334 OS=Mus musculus GN=1810009A15Rik PE=2 SV=1",31884.028,25854.15203,35665.23219,22009.77838,30786.08516,30138.04553,19728.58907,22343.1172,30260.49527,30278.76281,24212.99362,24703.54125,35416.34919,28722.29971,35902.85936,29089.98079,31523.50891,23734.77297,22857.34751,23907.68057,35702.31592,37157.61483,20566.05247,20326.75163,29078.16753,25298.81183,25121.22567,21634.85072,29082.20098,30083.04882,26375.45719,28975.92036,41694.25273,31576.64426,29076.03405,26642.7461,32624.95379,26949.31637,26592.95828,24610.66538,34344.92049,30745.78743,33507.79364,30775.57865,31520.56267,38700.66966,31108.32151,25146.03728,25933.32256,25933.32256,25933.32256,6429.980514,4525.024866,8013.114732
"tr|F7B0R9|F7B0R9_MOUSE","2010300C02Rik","Protein 2010300C02Rik (Fragment) OS=Mus musculus GN=2010300C02Rik PE=1 SV=1",32056.56826,34373.48781,21864.96549,38637.4133,29628.37777,21626.87581,29569.31268,20361.04258,26659.50471,32406.02906,27016.65381,48661.40971,23360.45828,28933.40521,31850.63256,21420.84303,26763.91259,28515.08039,25726.68361,42653.29924,24758.75879,27217.45446,26604.7877,23639.75123,30313.17578,33272.24801,32147.70447,32417.3688,23890.32589,33151.31621,35625.15702,52606.85525,41319.154,27525.42327,23988.0533,28153.49614,26344.16045,31929.65549,29883.80371,70174.9124,23199.67777,34050.84254,24097.1744,31591.54774,30372.85827,30632.38933,29522.71899,37678.23559,32281.65087,32281.65087,32281.65087,14870.48786,12408.29434,23591.53043
"tr|E9Q3M9|E9Q3M9_MOUSE","2010300C02Rik","Protein 2010300C02Rik OS=Mus musculus GN=2010300C02Rik PE=1 SV=1",3208063.333,3151462.881,2241077.223,3388269.394,4019772.332,2229612.164,2936641.694,1906824.458,2600287.039,4007963.296,3694163.044,4545946.982,2839550.504,3742354.35,2672655.633,2099144.475,2083567.205,2649946.089,2810610.593,4394812.068,2311949.717,3467474.327,3230881.73,2488588.71,2643775.439,4002918.152,2684530.036,2795788.839,3106962.532,3844103.649,2791263.577,4889413.066,4333417.902,2951273.207,2206907.051,2326621.121,2901127.949,2343953.506,2436383.919,6700570.242,3277328.681,3332495.502,2668710.207,2327771.575,3345624.793,3081816.967,2358876.78,3366315.089,3323841.481,3323841.481,3323841.481,1301811.487,839590.4455,1688919.719
"tr|Q9CPN9|Q9CPN9_MOUSE","2210010C04Rik","Protein 2210010C04Rik OS=Mus musculus GN=2210010C04Rik PE=2 SV=1",247663.379,155735.88,262798.3742,190772.5289,225543.8037,205104.469,245798.3339,216715.9938,211864.5781,241071.2604,202382.4305,287855.692,234208.5796,121573.9317,203114.9835,240749.5556,235751.896,192682.7109,223823.4504,229100.0261,228808.8645,243883.3628,149260.9453,304176.6163,197773.3211,189425.2152,221844.0457,265101.9918,261278.0128,183537.8803,304350.946,194154.2427,251802.9588,262549.3935,127358.8744,339161.8412,224662.8322,140968.1845,150520.5434,229535.9494,222187.2339,246448.9239,279556.5613,223231.0356,247578.6053,229354.353,173791.5427,253037.7312,221757.0961,221757.0961,221757.0961,139664.9,418308.2149,639429.4868
"tr|Q3TE80|Q3TE80_MOUSE","2410002F23Rik","Protein 2410002F23Rik OS=Mus musculus GN=2410002F23Rik PE=2 SV=1",51323.89834,49821.39437,77735.83219,45818.6979,51105.14541,52218.79146,45237.97032,48502.41384,56086.14261,50678.11296,49358.78202,41599.06394,47785.42893,52572.40526,43033.05191,61803.84206,56273.72137,49765.03405,44269.79155,44034.2746,49509.67168,55401.32339,49538.64313,45680.70772,44417.10543,44267.55624,54541.25987,41577.78417,51655.89269,44939.72387,45582.23495,44114.45877,57739.98344,52208.64553,50309.41308,43160.64162,48540.40109,51220.56809,50304.18613,41808.43719,51750.21425,44789.59683,44675.28608,40459.09505,49577.48499,51740.79128,43514.73438,41557.18067,51716.31543,51716.31543,51716.31543,40571.64445,86008.41776,105998.3533
"tr|D3Z3S8|D3Z3S8_MOUSE","2900011O08Rik","Protein 2900011O08Rik (Fragment) OS=Mus musculus GN=2900011O08Rik PE=4 SV=1",125480.4342,187115.3375,149591.3925,136122.1432,125044.8485,149469.1903,158496.8308,129182.9216,152086.0466,148027.8202,152294.8913,107914.5148,120577.9356,183587.9872,162905.593,134185.5974,138852.6876,187109.0326,152250.3384,125536.7271,116772.767,132140.2862,144852.0633,141437.4987,125599.0521,168710.3786,187184.1886,135409.983,133138.6658,155093.2747,143415.1839,118920.9959,105808.3641,147577.6546,152254.9531,160587.1826,134419.7272,224128.3009,180541.196,113507.6409,131185.9152,153146.6519,167014.7316,142260.8692,143569.9346,153252.0709,173571.5189,125071.376,146791.5512,146791.5512,146791.5512,16722.78332,12517.72997,16103.64207
"tr|D3YWS4|D3YWS4_MOUSE","2900011O08Rik","Protein 2900011O08Rik OS=Mus musculus GN=2900011O08Rik PE=4 SV=1",28132.338,40273.99832,31720.33326,33782.68803,24757.8135,33383.90044,43372.06062,30988.24318,33591.14114,33677.79212,34126.09636,23301.74034,27949.45231,42919.32737,35784.21881,49520.44736,35793.02807,44119.97222,41865.31809,31951.9205,28052.62407,33553.44309,33006.77805,32616.80513,31894.07577,40407.1111,37893.58408,32788.50184,31424.05561,35728.30619,39652.70786,27004.93027,23312.66047,34474.6277,40414.41926,39651.88633,31956.64099,49147.91831,38697.15245,26462.05312,32052.32602,34016.20703,47339.12304,32700.17968,36052.42767,35876.45584,41948.20405,30766.73038,34025.13416,34025.13416,34025.13416,2130.543679,2987.497332,6134.860776
"tr|A2ANZ2|A2ANZ2_MOUSE","3110043O21Rik","MCG141727, isoform CRA_b OS=Mus musculus GN=3110043O21Rik PE=4 SV=1",1729931.351,1596352.72,1490232.683,1284783.975,1670328.962,1525741.874,1508821.99,1678505.897,1635287.691,1175135.059,1397169.435,1624175.591,1823902.955,1497951.736,1636379.038,1343480.275,1547621.45,1391726.414,1233851.999,1355108.423,1581947.64,1546255.488,1500337.542,1288995.88,1596100.121,1461941.522,1547858.355,1443169.971,1782186.426,1476213.927,1368470.729,1298580.133,1740834.134,1680061.629,1697920.997,1459319.826,1327215.055,1593483.016,1555842.717,1264171.847,1510105.274,1625944.648,1143965.234,1356200.027,1283647.846,1636758.599,1450807.815,1258318.271,1447147.781,1447147.781,1447147.781,133418.4476,122651.4413,167320.0181
"tr|Q3U3D8|Q3U3D8_MOUSE","3110043O21Rik","MCG141727, isoform CRA_a OS=Mus musculus GN=3110043O21Rik PE=2 SV=1",1895914.408,1636505.35,1587792.402,1415519.44,1884438.692,1675127.506,1623768.534,1834471.162,1729169.897,1288050.479,1527925.977,1759841.078,2038925.275,1572192.901,1659592.997,1478589.558,1687590.404,1408149.748,1329509.623,1492212.572,1668190.817,1739627.16,1662853.615,1397479.239,1777290.795,1473351.961,1647608.067,1556974.378,1951316.463,1562441.97,1492339.951,1439251.561,1905255.974,1773151.775,1836850.489,1563407.237,1472758.498,1615753.56,1582845.891,1376893.651,1605011.781,1715842.595,1229601.755,1487116.51,1399487.347,1758633.845,1482072.2,1383101.069,1578879.93,1578879.93,1578879.93,150254.2939,135373.3178,192663.4786
"tr|D3Z566|D3Z566_MOUSE","3632451O06Rik","Protein 3632451O06Rik OS=Mus musculus GN=3632451O06Rik PE=4 SV=1",27637.58904,36171.3814,38803.05359,62973.35728,44638.1936,50017.35299,37258.70637,36107.5521,31214.97348,72877.16119,68294.97146,31287.73114,31431.3677,67127.33525,46370.43577,41698.65603,25662.95503,46542.86819,52515.5423,51823.33936,47555.56735,42963.30146,81941.55643,42779.02133,38368.74644,75969.15016,58000.91429,51812.07585,35741.29905,42684.16475,30045.12856,54753.02656,24611.20061,40120.04824,67582.16783,51378.32675,69157.8876,44254.87454,44608.08302,49624.95459,33138.96964,77126.91199,39265.52941,59985.88017,22990.98206,39643.00629,37457.90295,41154.07058,48123.47514,48123.47514,48123.47514,2783.206969,2365.664813,6408.482904
"tr|E9Q1Z0|E9Q1Z0_MOUSE","4732456N10Rik","Protein 4732456N10Rik OS=Mus musculus GN=4732456N10Rik PE=3 SV=1",368644.0823,1114019.347,1073530.264,610979.478,415376.1736,925027.0627,361436.7623,388823.1239,653724.5525,468276.615,928947.9004,400157.2612,363761.9649,1116822.508,1493813.47,344495.727,385768.4856,1345084.167,335266.0589,297180.1741,522437.1745,588569.2918,3436200.647,552281.6829,572423.9682,1193426.511,783503.2677,499825.296,1366533.185,770995.9816,530001.233,371702.4617,409499.4686,379352.4686,1595853.794,332042.375,410271.7161,945169.4518,10734989.99,309875.5306,404022.5316,1127497.021,449698.568,1929885.588,555507.9454,393285.1929,1209994.524,371052.8235,768542.4948,768542.4948,768542.4948,386214.7587,433937.0709,1765464.09
"tr|D3Z5T8|D3Z5T8_MOUSE","4930407I10Rik","Protein 4930407I10Rik OS=Mus musculus GN=4930407I10Rik PE=4 SV=2",40026.84629,28365.65699,30163.71177,36983.44831,27553.41285,37726.66611,34602.24987,36060.41631,26778.89907,36720.09689,30216.68788,41105.79087,35977.14242,27049.28788,32113.97546,30955.25015,26930.14755,28909.19817,33297.51388,36675.48073,25860.85779,25661.06456,35230.2022,34027.89345,30039.54986,34577.29434,25470.08295,39046.99228,29215.72462,36301.43763,36730.52554,41746.19197,54673.23652,31165.64649,29737.10553,31375.82107,24362.07528,24666.26865,27965.73167,54141.16849,23913.03583,34492.02687,32879.63891,39623.03948,30722.12915,33511.21534,30263.9167,46015.5659,34647.28282,34647.28282,34647.28282,16585.91,27167.24499,20360.90693
"tr|Q8C5X1|Q8C5X1_MOUSE","4931406P16Rik","Protein 4931406P16Rik OS=Mus musculus GN=4931406P16Rik PE=1 SV=1",11337.39259,14488.10362,15347.99156,15820.1403,10073.19853,16367.97956,12035.74797,18897.34617,10436.64993,13240.02621,14207.10914,13856.36545,11069.2644,15760.69496,12371.71195,14842.36007,12125.58705,15269.96373,14065.72237,13776.16906,17725.43934,10261.68641,13178.85182,13613.3219,13265.43212,11862.41681,13470.20479,12569.05285,10664.89003,13624.40652,15571.86564,14679.68743,10206.37935,10263.20227,14376.75343,13371.93384,11291.76763,13850.41958,14834.34676,12643.99578,10795.36046,16236.16478,14826.28137,13363.48704,12081.11281,10096.12837,15259.54237,13732.4116,13755.50284,13755.50284,13755.50284,17220.72,19537.83737,41770.71151
"tr|F6RPM4|F6RPM4_MOUSE","4932438A13Rik","Protein 4932438A13Rik (Fragment) OS=Mus musculus GN=4932438A13Rik PE=1 SV=1",67964.37001,63794.79667,70213.16791,73851.89162,70104.66522,80205.61162,70081.04748,80933.31119,78842.41106,75680.2279,79181.16434,70472.38996,72857.26517,72240.65492,70514.1271,76180.97569,72210.04166,64010.88639,83188.98123,74624.97113,79292.70164,78624.79675,70284.92538,83518.46922,72604.34833,71269.34436,74472.38421,82508.25921,80732.0103,68707.83244,76762.32516,69428.23433,60214.42857,75871.30027,72505.09069,76573.28073,78791.0439,64059.89983,69597.84816,68051.58225,78264.85421,72272.90765,77048.45911,75135.37733,78954.16417,74063.47173,70435.97262,71779.85031,71516.7471,71516.7471,71516.7471,12356.11043,7402.798629,13160.02508
"tr|D6RI50|D6RI50_MOUSE","4932438A13Rik","Protein 4932438A13Rik OS=Mus musculus GN=4932438A13Rik PE=4 SV=1",36264.61462,27461.2255,27457.50847,40093.75057,38401.56424,35712.71409,36648.53698,38260.89573,40183.20014,38597.98527,36770.04648,37664.76483,36267.34989,31375.32768,29751.01066,38350.62353,41343.43124,28925.49482,40368.15217,38558.88021,38597.8465,42427.28873,34933.74592,39514.32083,41564.78749,30708.40939,31743.27716,42554.3975,42654.81706,26569.75869,40521.02893,36031.2349,30863.57565,37723.53188,33694.81383,37813.89814,42863.56221,27952.7782,33514.32819,34127.81317,38830.70216,36075.0297,40729.28223,39002.56028,45071.51973,37900.81351,32123.12691,39768.44182,36399.95655,36399.95655,36399.95655,3055.581431,4028.885642,10300.66706
"tr|H7BX33|H7BX33_MOUSE","4933434E20Rik","Protein 4933434E20Rik OS=Mus musculus GN=4933434E20Rik PE=4 SV=1",43803.82857,53930.52013,51319.14703,38579.76337,38566.47044,49914.17615,45444.66365,37940.23805,49705.27671,54923.51233,51502.83128,34984.84232,42585.01842,57958.90527,54330.1203,38214.96631,50133.58385,53961.4495,43989.52033,37237.25263,46830.06294,48357.69549,46356.68393,41106.86304,47759.77629,53052.02689,52568.15801,40012.26539,49104.61639,48498.23103,39113.52863,36458.92414,39445.34103,52813.06699,47894.13649,42506.40064,46942.68375,55334.30835,48671.42088,36710.3821,45748.22239,52634.60118,44930.19848,40172.09948,46704.26662,46607.51951,44209.17964,32363.30869,48321.48942,48321.48942,48321.48942,5196.110253,3076.405483,6387.880205
"tr|B1APX2|B1APX2_MOUSE","5031439G07Rik","Protein 5031439G07Rik OS=Mus musculus GN=5031439G07Rik PE=1 SV=1",63555.84005,64405.25257,72155.37323,61257.9501,65184.00825,71412.57216,71869.81601,67758.21614,67064.90866,54345.45347,74847.87912,56220.59633,79790.81415,70115.10755,68185.62722,71705.60487,83735.45773,71505.84893,75303.17977,64876.9136,73722.23133,73687.04232,72459.10808,80849.31949,69808.10342,64192.61852,69607.53347,62298.11058,65899.32608,71514.6566,73993.07314,56711.82691,51735.34736,68080.80037,74418.70681,73476.14407,74761.40129,65678.01124,71370.57655,62819.12261,71999.66345,72804.02553,70686.79575,74885.47483,79948.33383,84691.31143,102577.9691,76753.17243,71518.21504,71518.21504,71518.21504,9333.241438,8329.827835,8428.858058
"tr|J3KMQ6|J3KMQ6_MOUSE","5730455P16Rik","Protein 5730455P16Rik OS=Mus musculus GN=5730455P16Rik PE=4 SV=1",69985.26487,47296.40146,49715.9574,72129.94315,60558.96308,63791.6946,56764.33204,76494.08645,71875.62194,59077.78686,57713.34119,78913.22979,77244.42285,56346.09136,67709.81248,47496.18677,60868.08804,60864.9734,57257.10124,62596.54393,73596.18321,60315.83529,55720.35882,61744.7863,62340.72026,55249.92456,59637.89297,61466.5234,61678.73245,64062.05876,67524.62138,69336.20851,96508.16153,68956.25323,75841.79479,66097.7743,67198.41608,69828.77556,61114.51087,73183.24344,62595.37859,63540.02029,59744.09863,64655.71018,58020.15234,71696.12356,78194.92936,53687.10605,63323.07958,63323.07958,63323.07958,14040.23379,8192.708487,16811.5774
"tr|J3QP43|J3QP43_MOUSE","6330403A02Rik","Protein 6330403A02Rik OS=Mus musculus GN=6330403A02Rik PE=4 SV=1",38853.42993,58810.24687,45235.56059,41196.57066,35843.05586,43575.68937,45127.23627,43756.97304,41651.48882,48366.25572,45229.37593,38683.13849,38245.29537,53614.30082,50143.19715,50273.41792,45374.53664,60128.95832,53695.33775,43497.50324,45026.97057,38663.04047,48388.60841,45211.70215,35311.63773,47310.68761,48065.54067,42903.77605,35208.16233,47266.94924,42442.363,39865.25785,34819.08525,42928.20961,44766.75178,49336.95758,38894.75248,52422.87877,57453.04816,39081.67302,38927.63148,51667.09856,56987.83182,47255.82654,37229.45131,42749.57756,50981.39805,43351.74601,44975.62101,44975.62101,44975.62101,3666.637029,7211.841419,5518.175177
"tr|Q3TA40|Q3TA40_MOUSE","6430548M08Rik","Protein 6430548M08Rik OS=Mus musculus GN=6430548M08Rik PE=2 SV=1",309753.177,298284.8774,221862.4617,262015.3557,236457.181,219259.8527,258639.9673,246239.2822,234890.5421,274862.224,248821.5399,314092.1571,263968.0449,233109.1236,272490.6436,215768.511,254400.8741,278533.4178,242535.7961,256316.1697,269973.1191,251601.6467,241630.0893,217384.2662,217567.0158,287818.6448,211313.6391,269245.5243,244101.6492,248546.7888,242833.5848,262472.7911,319307.3491,256145.6676,258721.6694,259416.6995,265971.0926,251139.1062,271841.0219,315190.7111,206713.572,237836.5821,234729.6121,292764.2192,223293.1002,255698.9539,301677.3116,286089.1937,252091.4983,252091.4983,252091.4983,46629.41973,27537.41782,56749.10448
"tr|Q0VAW6|Q0VAW6_MOUSE","8030462N17Rik","Protein 8030462N17Rik OS=Mus musculus GN=8030462N17Rik PE=2 SV=1",9299.529835,16439.69475,15615.46424,12886.64662,8559.974164,13203.19477,15136.661,13548.06004,8808.50797,13850.19729,15347.92394,14707.87359,11469.88253,17453.61622,22439.00352,14298.63475,10869.2358,27018.87624,17021.15043,24501.12911,14499.4678,14750.09919,14451.47801,16535.80557,10578.3646,16059.58069,14269.23234,16990.44613,10545.01931,13922.18907,21725.825,13734.47084,10961.57111,15357.81469,15984.21998,23569.99709,13410.95597,20071.57561,17896.20038,16720.59551,10399.70957,15761.93214,19388.61173,19392.5003,12664.86933,13008.02618,18053.74606,13591.61803,15338.33519,15338.33519,15338.33519,3698.278,5233.124083,6940.055788
"tr|I1E4X5|I1E4X5_MOUSE","9030624J02Rik","Protein 9030624J02Rik OS=Mus musculus GN=9030624J02Rik PE=4 SV=1",26139.27362,29081.91463,21162.79487,30112.86149,25908.22945,29560.6083,25854.39214,35581.815,25927.57695,25773.27194,24587.71411,52143.79013,23641.93433,23613.94395,23816.52471,23958.65489,24716.99248,24982.27202,24991.88906,35750.14311,23991.15354,26354.58722,27704.86846,28154.80038,22087.3171,19590.99353,23992.89526,32013.33563,23426.64458,29376.56021,25424.64666,38815.91428,29262.19004,22776.69934,28617.67072,21394.79236,23430.72624,33367.48757,26973.78608,40925.03656,27197.645,25159.87476,21364.86052,31812.62176,23098.48829,21285.93408,29950.99558,39924.09461,26928.94065,26928.94065,26928.94065,30976.89043,13572.25247,10354.55852
"tr|E9PUJ3|E9PUJ3_MOUSE","9330182L06Rik","Protein 9330182L06Rik OS=Mus musculus GN=9330182L06Rik PE=4 SV=1",30379.61898,39639.96452,33460.38363,45832.69733,33520.73387,45680.04793,43666.89376,40041.14814,40721.67841,41607.44201,41826.46888,37447.17355,32397.52271,48990.49244,36341.17894,38100.32629,33604.36744,40983.75758,48799.28253,45009.06076,32736.55531,35899.52349,44602.62585,51243.63934,40612.83298,40132.57821,46604.10267,40247.93668,31038.48802,43309.34412,49548.58401,40807.86938,29073.27396,28639.82205,44564.66403,44935.40259,34692.64017,55160.3223,41778.54131,43512.63985,36928.71643,41772.84138,42169.33126,38188.73743,30000.18254,32391.93979,39944.77737,36533.40841,41871.73135,41871.73135,41871.73135,6498.498139,5295.985374,7629.237317
"tr|A2A6U3|A2A6U3_MOUSE","A2A6U3","Septin-9 OS=Mus musculus GN=Sept9 PE=1 SV=1",46764.20528,46018.81894,43326.47138,46541.86004,43974.53019,42852.50385,46857.74467,41441.16482,46098.78004,42827.71808,40742.36576,45031.18334,45104.88012,42082.33732,40178.55603,53364.69608,50535.72758,37989.53852,44430.20346,43248.77049,52801.38206,44318.41676,40816.96643,49883.38525,44019.82594,41821.00987,42136.32355,44679.99151,44501.74425,42414.79881,42631.71477,46339.53114,44504.83867,48240.98036,42299.55702,41038.25588,46561.88248,41351.46357,41653.57963,48695.33311,40509.06536,38536.08306,41106.94839,47915.59763,46289.57027,44116.08335,43844.39858,52563.51715,43268.71148,43268.71148,43268.71148,11197.43204,7320.98253,15346.19744
"tr|E9QLA8|E9QLA8_MOUSE","A830010M20Rik","Protein A830010M20Rik OS=Mus musculus GN=A830010M20Rik PE=4 SV=1",71827.06274,67558.28552,78496.2672,72119.26621,69415.1958,72023.81448,64025.61898,69390.48619,60141.8108,71084.67493,74028.30402,105684.4483,69477.91252,67546.18464,65246.63075,78705.79665,65859.36169,60848.99945,67007.46927,72892.25065,65417.91012,65166.86997,68314.2922,69906.33414,69909.96298,71437.77513,68348.74803,68835.94989,63152.89856,69574.95231,71504.03123,100624.9304,94033.53891,66221.85235,62072.45527,64867.14045,66840.13914,66269.03053,63843.11791,104936.0538,68149.93814,70933.0836,68193.04525,68257.25786,68841.20471,59221.3123,67980.46577,69834.99164,74078.28161,74078.28161,74078.28161,33851.42024,26205.61832,43532.50082
"tr|G3X9V7|G3X9V7_MOUSE","A830010M20Rik","MCG19133, isoform CRA_b OS=Mus musculus GN=A830010M20Rik PE=4 SV=1",71827.06274,67558.28552,78496.2672,72119.26621,69415.1958,72023.81448,64025.61898,69390.48619,60141.8108,71084.67493,74028.30402,105684.4483,69477.91252,67546.18464,65246.63075,78705.79665,65859.36169,60848.99945,67007.46927,72892.25065,65417.91012,65166.86997,68314.2922,69906.33414,69909.96298,71437.77513,68348.74803,68835.94989,63152.89856,69574.95231,71504.03123,100624.9304,94033.53891,66221.85235,62072.45527,64867.14045,66840.13914,66269.03053,63843.11791,104936.0538,68149.93814,70933.0836,68193.04525,68257.25786,68841.20471,59221.3123,67980.46577,69834.99164,74078.28161,74078.28161,74078.28161,33851.42024,26205.61832,43532.50082
"sp|Q3UHJ0|AAK1_MOUSE","Aak1","AP2-associated protein kinase 1 OS=Mus musculus GN=Aak1 PE=1 SV=2",641785.2702,506143.8579,202557.6075,546971.6298,414754.2424,318208.4335,346908.2089,401621.1131,289773.9949,444634.8148,402260.3122,846245.1083,518120.523,296901.2165,313029.3037,204853.0161,384671.2221,321434.7793,341938.6828,455721.7166,398300.5087,320964.8079,350967.8087,393312.2396,339331.7886,386605.6564,302387.0966,428962.3789,407775.1216,468270.5748,353095.969,607385.1444,789908.5382,327077.4434,321396.2533,263042.8239,380019.6085,340778.9638,373811.0425,852714.3706,298268.4534,350607.7369,278266.0945,442684.5448,438477.0247,295398.3616,394893.1671,569606.3951,420957.3899,420957.3899,420957.3899,150163.49,116287.8564,187242.5055
"sp|Q8BGQ7|SYAC_MOUSE","Aars","Alanine--tRNA ligase, cytoplasmic OS=Mus musculus GN=Aars PE=1 SV=1",46074.87765,60166.40904,19341.26024,40953.58269,32920.13025,15983.62182,33699.26955,16408.70899,20205.65647,29978.11711,33528.43698,27824.49584,16692.40783,27390.67746,23432.16347,18783.94489,38706.76194,45193.75815,45312.02197,58315.80727,38443.41064,32472.01131,30633.2067,21410.68237,26332.50882,37611.7326,24299.59656,43159.50703,38712.2212,56305.04228,50466.56026,23462.28638,26533.52921,32107.33065,22014.22584,27747.83508,40246.15687,33317.12433,35943.19108,36837.97182,29492.58935,23823.05026,33879.25838,44950.37303,44921.99064,24800.63609,33536.80256,84182.94677,36480.60397,36480.60397,36480.60397,18348.20231,9614.91907,19136.34872
"sp|Q80YE4|LMTK1_MOUSE","Aatk","Serine/threonine-protein kinase LMTK1 OS=Mus musculus GN=Aatk PE=1 SV=1",70501.76351,75583.24088,74213.76106,85273.81983,97379.23226,92550.8092,86651.94302,82295.12332,81640.41744,103639.8794,105293.497,84176.53147,78052.65254,96787.72141,78587.51989,80385.96108,76439.95171,82071.21964,99541.78689,99538.22642,83240.85577,90693.95969,102028.7669,95499.65038,85408.48197,102405.5297,89012.13037,83858.12852,86141.24767,91233.64536,88837.93269,92682.95507,72213.16111,87967.76554,90066.77067,92623.76,97580.13932,84910.26827,77436.16139,97271.56338,98351.4181,96984.91022,103509.1281,86281.03708,78488.50831,87118.97904,78891.76624,79861.2266,87202.5812,87202.5812,87202.5812,15325.67269,11759.03392,18959.36048
"sp|P41233|ABCA1_MOUSE","Abca1","ATP-binding cassette sub-family A member 1 OS=Mus musculus GN=Abca1 PE=1 SV=4",48201.1061,29849.93402,41454.51696,58149.52625,55670.46535,54821.68322,55866.05227,45959.34636,75720.2015,59398.92022,69688.27651,44764.71983,56683.95699,56224.00361,52653.04995,54744.87351,49368.83966,44907.71649,63475.3333,49733.69408,56320.80301,74540.13944,60195.28283,56664.47687,61899.87916,45389.42774,59822.09326,51231.56431,57195.82017,59271.45264,58387.45607,41929.84064,46284.14203,44335.22607,51484.43702,49186.67978,65223.7613,52649.13049,38145.02804,49074.14375,61027.34708,59027.57105,48163.25275,49530.86675,53725.21273,58153.67813,45213.98829,42410.00742,48717.55131,48717.55131,48717.55131,13314.01775,5107.766315,12802.48461
"tr|E9PX95|E9PX95_MOUSE","Abca17","Protein Abca17 OS=Mus musculus GN=Abca17 PE=3 SV=1",34049.7491,29885.72848,34095.74421,32520.68188,35839.14031,38762.89168,33339.4965,36010.05394,31533.64604,33760.03292,35499.13662,31848.93683,31894.03007,32311.58201,34576.88386,31704.02231,38747.11403,29889.83774,33587.82537,37149.64172,30853.0532,37070.53851,35389.76947,35404.47271,40028.39552,32078.80542,34160.69223,36187.82958,35038.10891,31128.11578,34068.83189,33103.78982,28392.13249,32362.51169,34108.15271,35991.5148,35866.87578,28831.8227,34348.31784,29624.18517,35698.37051,37966.60148,34962.40122,38436.63379,35361.31034,32761.68356,30472.86679,33159.58318,34676.7407,34676.7407,34676.7407,5504.233499,5911.815624,5770.783104
"tr|A2AJ26|A2AJ26_MOUSE","Abca2","ATP-binding cassette sub-family A member 2 OS=Mus musculus GN=Abca2 PE=1 SV=1",205765.3144,220608.7873,248083.4944,257790.8525,273606.3385,306211.885,278981.1169,249990.293,333356.781,271841.3434,305667.3696,230354.4981,246123.7342,291720.2804,263453.9628,258427.8218,251584.3802,282373.028,322908.0161,266376.8812,314614.9056,328582.662,303700.7522,309517.4569,293300.0368,258941.775,298754.5516,244315.7088,261446.8979,276687.8722,294741.2977,233942.0594,208854.6014,231128.5474,305024.7338,259441.6777,290766.2292,288972.7072,250043.944,242905.5377,291360.1702,271888.7417,256203.9289,258207.0676,259205.6824,260731.7506,265133.2251,220127.2581,259336.4094,259336.4094,259336.4094,42246.42435,33130.57657,55616.24798
"sp|P41234|ABCA2_MOUSE","Abca2","ATP-binding cassette sub-family A member 2 OS=Mus musculus GN=Abca2 PE=1 SV=4",205507.0711,219988.2368,249033.4385,257260.2785,273427.7621,306836.0855,278406.9301,249475.7737,333565.722,272173.4999,306058.1708,229880.3925,245518.5448,291999.5598,263096.4877,257895.9369,251997.3525,282408.9798,322243.4208,265828.6358,316634.1377,328866.7357,303598.7084,308880.4214,293695.7989,259040.7651,298903.3856,243812.8688,261307.2257,276621.7091,294134.6739,233460.57,207977.4547,230797.8862,305642.7885,258907.7061,291036.8583,288834.5606,247613.2223,242405.6,291539.559,271665.0549,255676.6211,257675.637,258897.9568,260952.3226,264857.9575,219674.2016,258802.6544,258802.6544,258802.6544,42217.03145,33324.37817,55501.78102
"sp|Q8R420|ABCA3_MOUSE","Abca3","ATP-binding cassette sub-family A member 3 OS=Mus musculus GN=Abca3 PE=2 SV=3",119876.3261,131455.5821,129585.5354,131344.3455,125305.5676,141000.7841,136212.0623,135905.9082,124588.4765,136182.4807,138239.1751,126161.2862,124820.1153,133980.1969,138479.7781,133454.3712,131234.7519,135308.0207,140136.7194,135611.9099,100810.7004,128438.4438,134153.3158,137802.1079,132188.6475,136520.9555,132352.0643,138998.3414,126560.9949,122542.6741,131070.8493,124555.0151,113213.3182,123252.7745,129905.8755,140412.4229,125812.0829,121404.7278,136102.4149,118538.8708,127408.0225,143044.0671,146480.686,136000.5299,125803.9256,123039.5346,130062.6218,136128.6581,130072.4961,130072.4961,130072.4961,18742.76776,14556.96748,23605.63668
"sp|Q8K448|ABCA5_MOUSE","Abca5","ATP-binding cassette sub-family A member 5 OS=Mus musculus GN=Abca5 PE=1 SV=2",333378.3412,350438.7306,376220.9219,404811.657,367216.0971,473290.3855,423047.3762,400679.3917,396697.1361,436431.0075,496725.2623,352284.3859,378733.954,442848.1702,405910.4449,416613.332,384830.1787,412395.8645,480746.9469,434273.4882,299798.786,403028.1812,453905.6889,426805.9659,384139.1726,439341.6373,392289.3624,383548.3515,386158.7833,372653.4644,380939.9704,365657.1954,342177.3399,373728.9943,420246.9249,410554.9163,383651.6196,345306.1081,361478.4966,365339.6318,377949.7447,412135.252,417290.837,359326.7069,343902.1326,346398.4625,341389.8965,306766.2094,392593.546,392593.546,392593.546,43333.68937,34653.31644,60145.5827
"sp|Q8K441|ABCA6_MOUSE","Abca6","ATP-binding cassette sub-family A member 6 OS=Mus musculus GN=Abca6 PE=2 SV=2",20789.20381,20077.60369,22938.11558,31793.84167,20889.51647,27043.78092,31282.68146,28977.37929,23277.92145,26972.65899,27809.5027,29474.88997,25722.68483,27902.48592,23606.99319,32308.85846,23822.85612,25226.18677,36939.91805,35337.88163,25486.07439,26135.66252,23349.01875,28208.30997,22870.21566,24670.50786,20581.47291,28475.2317,20890.09651,22459.16593,30417.02932,22449.41197,22846.14759,22786.19411,22526.75764,29416.46226,20902.10692,20353.40728,18665.91459,28779.1529,24158.11564,22114.68555,29049.7519,27968.26808,22465.57634,20420.61948,24559.64383,24595.2629,25682.93829,25682.93829,25682.93829,6600.938441,6280.759747,6542.350947
"sp|Q8K440|ABC8B_MOUSE","Abca8b","ATP-binding cassette sub-family A member 8-B OS=Mus musculus GN=Abca8b PE=2 SV=2",57473.64619,48053.43879,49460.52518,53786.20859,54671.60198,56589.76505,46457.59432,47790.71561,64755.2457,61172.64439,54807.96126,48046.20147,60355.24191,57300.89585,51216.85321,49777.17775,59067.79721,49164.92263,56920.74126,57553.7279,56814.9342,60938.19935,54864.53775,59481.08034,62598.70184,56065.7929,51210.60152,51595.9618,60814.91191,55055.35328,52428.71973,49233.71074,55863.26986,70429.82277,50737.7023,54767.60333,64156.74922,49129.27714,54310.58268,50695.10353,66083.14395,57496.68416,61487.40257,50516.70964,62823.84693,70999.25353,50012.97439,48355.74816,52014.17427,52014.17427,52014.17427,10707.49284,6248.347189,11726.1879
"sp|P21447|MDR1A_MOUSE","Abcb1a","Multidrug resistance protein 1A OS=Mus musculus GN=Abcb1a PE=1 SV=3",20449.91811,15255.34291,18497.49577,20924.38721,25318.18547,21407.04894,21633.41992,16934.84876,20576.39607,29637.58203,23427.95742,17346.07582,23306.22223,21797.73791,17184.70511,18888.16661,20350.15242,18016.66718,23233.34594,26430.66638,24519.20527,23908.82878,19909.81112,22858.37504,25780.50421,21838.44715,17986.84586,17259.5045,28867.62207,18151.42043,23138.95769,19122.6563,21855.74318,35099.07038,15454.32402,20019.97581,25711.95243,16869.84539,16862.05227,19782.04135,29511.42615,22812.21271,22064.20686,15625.02059,21020.95892,22589.25047,15719.34425,16758.23233,22345.2054,22345.2054,22345.2054,2522.040975,2221.263711,4227.092109
"sp|P21440|MDR3_MOUSE","Abcb4","Multidrug resistance protein 3 OS=Mus musculus GN=Abcb4 PE=2 SV=2",20449.91811,13736.90541,14686.03704,20769.80274,25318.18547,23552.07042,22185.3215,20305.14618,20576.39607,29637.58203,20649.04801,20195.95103,23306.22223,18133.65292,15694.3141,20801.89258,20350.15242,16057.23575,21473.70828,26625.87342,24519.20527,23908.82878,19037.4408,23827.32369,25780.50421,20991.7617,19095.91126,19696.95217,28867.62207,17632.27732,22887.16993,18196.57936,21855.74318,35099.07038,15376.4901,19702.07923,25711.95243,14463.29331,12861.20476,20750.52295,29511.42615,20969.51753,20971.41532,18762.97004,21020.95892,22589.25047,14184.14502,18585.64943,22345.2054,22345.2054,22345.2054,2522.040975,1876.941015,2524.950156
"sp|Q9JJ59|ABCB9_MOUSE","Abcb9","ATP-binding cassette sub-family B member 9 OS=Mus musculus GN=Abcb9 PE=2 SV=1",22000.88023,23611.29706,21768.16743,20443.65224,23359.48789,24790.46137,20919.18644,21262.93176,21447.45796,26475.52738,25452.22352,19847.07651,21891.3141,26297.59234,20660.57473,20905.06085,21573.18941,21606.70892,20963.19507,23503.12887,27037.50475,22639.61489,26383.1942,21733.72175,25653.91979,21424.61115,24419.86958,22542.30513,26364.86021,26162.82099,24326.50568,21697.07036,21093.20655,27403.8201,25869.49712,21243.31802,23609.26254,23858.90478,22847.38509,20577.23334,24379.93035,19797.23808,21847.62335,19953.86907,21985.29102,20032.79151,25629.15997,20689.39995,22444.07898,22444.07898,22444.07898,4945.861364,2770.695624,4435.127453
"tr|E9Q236|E9Q236_MOUSE","Abcc4","Protein Abcc4 OS=Mus musculus GN=Abcc4 PE=1 SV=1",30527.47966,14308.29001,24278.80984,22365.04996,24181.86894,24669.29386,19525.19,20389.7049,20746.49742,27265.63347,26524.01134,18715.85695,30366.61267,18280.22442,18521.52225,21749.80475,31321.50583,17237.42013,21642.06597,22816.01921,20295.31178,23345.26435,24160.22624,24956.86795,32039.95088,19653.11579,29296.24989,24593.72612,23173.3497,23261.7468,23123.59117,19800.59683,18905.06622,24290.87839,21277.24764,26890.83172,26661.04908,16646.2762,16819.5653,25488.15351,23413.77639,20453.29569,25121.01392,20587.85153,23001.83689,26646.47969,20620.43644,26941.60767,24646.64565,24646.64565,24646.64565,13198.1,22576.14017,10700.59173
"sp|Q9R1X5|MRP5_MOUSE","Abcc5","Multidrug resistance-associated protein 5 OS=Mus musculus GN=Abcc5 PE=1 SV=2",27749.63611,36544.96679,38058.47547,38819.15418,33506.15083,36927.03404,39910.86189,35343.48421,31727.66118,37529.13013,41801.32334,35822.83468,29607.30714,41426.01345,34856.98681,37631.5627,32124.89752,36951.42762,47092.76592,44136.22924,31277.43148,36334.8384,40598.09158,44061.62684,33344.73891,34593.6491,43325.72489,38971.41203,31460.70517,36798.24342,39386.69607,36909.13867,26573.46131,31083.07323,37851.27942,40584.50754,32924.32642,40297.16165,38101.08881,37003.99086,32534.8904,34841.31251,41756.69926,34455.99761,30385.02386,27262.27386,33825.25787,32413.77626,36684.194,36684.194,36684.194,5892.023766,6731.595098,8990.972806
"tr|B2RUS7|B2RUS7_MOUSE","Abcc8","ATP-binding cassette, sub-family C (CFTR/MRP), member 8 OS=Mus musculus GN=Abcc8 PE=2 SV=1",14561.50654,17988.94554,12041.65594,14796.95225,9978.879408,14169.10833,14655.11424,14929.96153,16298.60125,18588.27983,16389.94758,12901.98461,16995.45929,14284.41489,14076.76296,11061.40109,14141.38796,15179.68227,13245.92043,11842.76624,14312.09549,12911.8516,15859.66599,17124.97129,15356.86017,14083.97088,13669.19905,14666.12189,9744.426487,15576.94859,14218.5848,10475.3743,13532.69975,14720.91281,14130.9844,12667.41475,15191.39225,15960.48666,15508.20561,13083.3449,10818.38898,15592.99376,14036.38468,11626.25685,16003.37605,14007.98022,12504.91297,15047.81195,16923.42266,16923.42266,16923.42266,2594.15941,3323.802138,13510.64342
"sp|P61222|ABCE1_MOUSE","Abce1","ATP-binding cassette sub-family E member 1 OS=Mus musculus GN=Abce1 PE=2 SV=1",71024.11846,39385.86683,47263.98657,60069.46385,50582.96893,55231.10763,57016.57201,34018.83316,47291.762,46537.95036,41723.22287,45324.6763,50927.50156,46531.39377,69979.6239,37553.76068,71040.78867,48027.30342,44246.20653,53460.46268,80213.10132,53179.29945,47397.87511,31695.67108,40991.89847,38698.30835,40004.81413,55971.20028,59085.57018,78752.30125,45780.68517,45420.15097,50578.59561,54414.39823,53651.08617,33457.34104,57916.7783,42910.04455,43005.29938,54879.3365,45219.16433,52062.98614,35084.27174,65978.34229,61744.97115,50978.52593,46691.48044,86075.9447,46552.06581,46552.06581,46552.06581,35392.28677,4714.434443,35813.56701
"sp|Q6P542|ABCF1_MOUSE","Abcf1","ATP-binding cassette sub-family F member 1 OS=Mus musculus GN=Abcf1 PE=1 SV=1",22222.36113,22228.54534,29996.70824,25285.88082,16174.56817,21488.46198,22834.46028,22580.5425,16141.33885,19336.21506,22412.7216,29794.59356,18592.29869,17634.40616,19088.04482,23709.21176,20523.4494,18459.60902,24169.6087,21394.07674,19476.30464,16262.45476,19564.37629,23842.28045,15612.67214,22103.61129,20620.6081,24173.42417,16070.34075,24040.12177,27107.39874,33390.09191,25100.78678,16064.37902,19043.179,21983.41554,16323.85947,19340.00614,24163.14936,36683.38794,14736.32499,19043.0369,25510.58852,26595.62033,21059.26562,14514.16556,27342.60529,28141.01639,23262.00527,23262.00527,23262.00527,9772.106384,7902.882854,19289.58812
"sp|Q99LE6|ABCF2_MOUSE","Abcf2","ATP-binding cassette sub-family F member 2 OS=Mus musculus GN=Abcf2 PE=2 SV=1",24409.3166,21837.31602,11283.40303,17599.94095,15198.11673,11969.78456,15848.92346,9977.947139,12925.1961,16221.01935,14265.43665,28466.16579,14082.32101,13804.83164,17640.00267,10764.06517,21497.7793,13202.34676,19417.41898,25147.96442,22487.83465,14905.49407,13964.33025,12353.67019,13820.50214,18063.20454,16372.95511,15882.11214,16883.24223,20351.24806,18968.71211,25998.43215,22697.06952,17105.53279,11663.01652,13065.34529,18880.92297,19422.99286,17163.72466,38219.68811,14302.53701,11751.95719,14208.16071,21893.9485,18430.31741,13683.51929,18853.74576,23752.21716,17152.97953,17152.97953,17152.97953,4972.276479,2492.723376,8288.158015
"sp|Q8K268|ABCF3_MOUSE","Abcf3","ATP-binding cassette sub-family F member 3 OS=Mus musculus GN=Abcf3 PE=1 SV=1",32344.23569,18651.13442,7560.793939,18805.95291,17182.77684,9711.054089,14295.4591,12458.87347,16122.58882,18272.12988,15681.90302,27219.13382,17863.17273,12471.64821,13146.14446,10062.64604,26936.23819,14272.97061,14878.22241,20781.01957,27527.27987,17369.16954,12523.68564,11255.18715,12652.51502,15711.20965,11845.85581,17488.61524,18904.31775,18711.82956,15267.22656,24781.21938,34421.22967,15236.55278,12926.1854,12443.71762,21547.69101,13263.13415,13250.36166,31748.88727,12381.50655,12799.30625,11763.58688,21067.53924,16562.33495,16345.12111,17789.14975,23063.37999,17544.26939,17544.26939,17544.26939,10187.06921,5576.128505,12065.5833
"sp|Q64343|ABCG1_MOUSE","Abcg1","ATP-binding cassette sub-family G member 1 OS=Mus musculus GN=Abcg1 PE=1 SV=1",23264.46634,21917.3704,21603.7978,26276.95127,25410.479,24142.63497,32177.31401,27584.56711,29860.99629,24119.99003,21467.20577,20544.49217,23932.73447,26075.1527,20537.83029,29185.30195,26395.61115,22446.53578,24397.3367,31243.42585,32673.52597,36712.04094,24211.16933,23755.9701,26782.07972,23687.85783,24600.80365,39321.28744,26636.07025,26622.6175,28828.14809,30042.03812,22603.77676,28796.6172,28204.54574,30235.30142,26728.80568,20702.64807,21536.68199,24399.51727,27926.73452,23538.85365,30993.45463,26663.46925,25736.04244,28157.7613,25266.57529,31309.06407,25956.29188,25956.29188,25956.29188,5291.854977,3369.29246,15161.89251
"sp|Q99LR1|ABD12_MOUSE","Abhd12","Monoacylglycerol lipase ABHD12 OS=Mus musculus GN=Abhd12 PE=1 SV=2",134292.6999,120003.3619,140807.1329,136001.8557,131270.484,146810.9449,127542.6076,136326.5346,141759.7821,119647.4453,138299.6703,124143.495,139616.9779,137719.0986,133885.5305,121361.051,131093.5711,135395.2738,119297.0618,134626.2493,144966.2889,128962.6385,134780.4926,133224.6783,138359.5927,124608.2408,130264.2334,127691.2598,126830.9844,126372.1562,118035.8962,116937.8224,142367.1879,127800.2076,165460.6683,121285.8339,127160.9018,120024.3297,132559.2523,124568.0857,124149.0227,136989.2047,107467.2459,115120.2775,120750.4502,133275.0194,140146.2667,111650.5624,127695.9656,127695.9656,127695.9656,32000.57593,23238.28183,40240.43453
"sp|Q9Z1Q2|ABHGA_MOUSE","Abhd16a","Abhydrolase domain-containing protein 16A OS=Mus musculus GN=Abhd16a PE=1 SV=3",169763.5969,146147.3014,200723.2599,172228.2742,205116.7258,204186.9158,162185.4329,187169.9998,211666.582,153186.1047,174015.4792,172273.1679,192193.1423,189178.2106,170308.8921,175119.1665,191530.064,156164.2367,161953.1328,182369.6106,220954.7227,198597.1626,182873.436,178558.8717,177027.9784,157651.3467,177891.7763,166711.6459,191174.7401,172390.0078,162863.4734,171721.5774,193041.3924,178739.7505,220520.3509,158250.5167,171785.8132,143297.2013,154433.092,174042.9227,193208.2167,164475.7467,145594.7848,166518.6323,153992.3683,182545.8992,165235.248,152242.598,177104.0615,177104.0615,177104.0615,53619.11698,46140.00969,76455.61667
"sp|Q99JW1|AB17A_MOUSE","Abhd17a","Alpha/beta hydrolase domain-containing protein 17A OS=Mus musculus GN=Abhd17a PE=2 SV=1",176091.6831,218489.003,205249.2767,172800.2785,172627.524,211736.1792,187330.7403,171347.9932,197180.2761,219772.5539,211245.3516,155056.1236,177063.8158,230026.0695,214192.3679,170319.5657,202258.0542,223260.4952,182628.2739,167175.5529,200494.7554,194778.8097,192719.1713,170842.324,185242.4108,210340.7642,212274.7166,162653.2453,183062.2349,211470.3789,175150.9246,152169.0806,166459.9433,203324.8206,210419.8912,173343.4548,191709.6038,214928.1173,214228.6918,145610.7567,183862.4641,205022.4124,180553.3019,168773.8644,185392.7501,188942.0898,205579.6597,158769.5039,196571.1211,196571.1211,196571.1211,21067.98906,29214.98112,29721.7699
"sp|Q7M759|AB17B_MOUSE","Abhd17b","Alpha/beta hydrolase domain-containing protein 17B OS=Mus musculus GN=Abhd17b PE=2 SV=1",176465.5095,227729.3476,205382.2135,194552.561,171451.3516,192554.5791,212366.2048,186661.1527,207945.6825,221012.064,215819.6191,170150.8817,181088.3943,234087.7769,221944.9719,200709.4601,212058.4367,240058.3487,208346.4761,189790.3233,201127.3721,201933.1886,191762.5129,184810.2025,186878.2348,217036.8413,220120.8764,204248.4057,192889.5477,221500.7173,195676.9865,175144.2333,166974.2745,217398.1321,209622.5263,213225.0178,190702.1994,234746.2044,230842.363,173037.5121,196348.3909,220370.8914,212261.0676,190695.8208,215127.5895,216389.8385,226736.0389,190871.9771,194199.9823,194199.9823,194199.9823,22669.15962,31598.12925,37558.46907
"sp|Q8VCV1|AB17C_MOUSE","Abhd17c","Alpha/beta hydrolase domain-containing protein 17C OS=Mus musculus GN=Abhd17c PE=2 SV=2",101439.2478,128002.3287,113111.5015,89243.07062,103510.7611,108624.9359,104823.7066,103280.0925,115604.3947,102811.6151,104810.3668,85792.61888,100959.5709,127002.6084,120189.2746,105405.9447,114427.375,124399.2872,105693.3536,97435.25143,115143.4182,115146.735,108128.9539,105114.0028,97424.25657,111314.4529,123717.3621,95107.95691,111158.7963,109883.6731,103719.2139,85304.90084,92618.90005,116697.3398,106639.7544,102284.0834,104073.3859,114152.9901,125415.7629,82178.56723,109492.7692,111613.4617,105614.4238,101242.702,116748.6306,113471.0528,116121.4989,96471.12858,105177.1233,105177.1233,105177.1233,18737.1368,10629.36041,15937.90139
"sp|Q8VD66|ABHD4_MOUSE","Abhd4","Abhydrolase domain-containing protein 4 OS=Mus musculus GN=Abhd4 PE=2 SV=1",121735.8631,103613.8988,92781.27024,100632.677,109366.9499,111775.6197,81375.06369,109960.7749,100387.3837,104910.6634,102620.7214,138927.0164,144002.9627,105281.7247,130534.9924,100354.4645,105488.6847,132492.4662,87742.54839,105274.9894,117943.4054,108390.4812,104000.9792,117498.1878,97401.39212,91241.10231,93345.00071,93605.24597,104246.8017,86413.19756,87750.3204,106996.7292,161681.5653,111350.2177,104590.5225,108449.9454,94287.91331,106053.6338,113822.7945,121260.9948,123978.6988,109787.7051,119294.5454,108784.2936,120301.7368,143651.6209,135612.8821,114766.9277,116384.804,116384.804,116384.804,43107.92722,19537.88128,33232.98027
"sp|Q8R2Y0|ABHD6_MOUSE","Abhd6","Monoacylglycerol lipase ABHD6 OS=Mus musculus GN=Abhd6 PE=2 SV=1",70207.37206,89026.03152,87237.55012,74269.9337,89556.48065,92230.33628,68717.03818,76673.38317,83033.69786,81201.17667,76724.97374,73414.90227,73022.75018,95890.14297,95716.47383,76165.23348,79931.45912,97738.14404,63979.79857,73848.5113,80175.14052,78883.38623,80409.35374,72847.41167,72839.02286,93814.00262,87799.3772,77149.3846,89616.74476,85152.15987,65134.98229,70411.29751,83066.57676,83322.53516,96812.68071,69139.91979,70324.64836,84020.50656,95809.76547,68956.502,77390.9178,84900.21584,63031.27653,67342.68315,75701.59685,86035.82839,87536.63727,67109.03368,76038.52978,76038.52978,76038.52978,22764.68122,15411.042,26218.55215
"sp|Q8CBW3|ABI1_MOUSE","Abi1","Abl interactor 1 OS=Mus musculus GN=Abi1 PE=1 SV=3",53374.30242,57496.05181,36769.79176,52184.67567,41080.19597,36588.29406,46520.68679,39936.43132,38761.61143,44888.37275,38892.51329,59200.81703,44918.98708,40722.73492,41996.55275,36365.80999,49434.47788,42779.67033,42114.61961,46332.02434,49539.66774,39407.56412,39240.17913,37999.01001,40570.8117,48760.47548,39032.70269,51718.92598,43431.88518,52099.25538,39701.40664,52015.82059,58614.33358,45364.65184,41686.73665,34615.61653,48393.55404,38946.16467,42700.05846,63850.13484,39240.56736,35510.4534,41018.14519,50448.9971,43557.63087,37660.55058,48123.96121,56095.46568,44937.23764,44937.23764,44937.23764,19618.82916,11705.5717,19418.08084
"sp|P62484|ABI2_MOUSE","Abi2","Abl interactor 2 OS=Mus musculus GN=Abi2 PE=2 SV=1",73922.30705,82998.81311,48985.55436,63166.92049,57005.79491,48209.65984,55273.61506,48945.28027,47514.79493,58221.64926,55288.05569,82174.28368,57412.94645,55547.53565,54795.49624,45754.19503,67392.64716,59267.88178,58674.84284,62847.84893,69821.22992,52030.31758,53032.71945,45117.4319,53981.70892,69936.90816,52546.321,59613.67656,56568.17023,71869.73469,53509.22801,68860.86434,84406.07922,57145.46853,54429.45342,45663.22417,63838.28314,55145.66809,63673.95552,86930.58983,51894.90985,48889.40876,50205.01728,71970.74484,57525.9662,46869.43724,68555.88893,80218.42519,60677.87666,60677.87666,60677.87666,21063.6141,13715.54507,23915.40204
"tr|A0A087WRS3|A0A087WRS3_MOUSE","Abi2","Abl interactor 2 OS=Mus musculus GN=Abi2 PE=4 SV=1",73922.30705,82998.81311,48985.55436,63166.92049,57005.79491,48209.65984,55273.61506,48945.28027,47514.79493,58221.64926,55288.05569,82174.28368,57412.94645,55547.53565,54795.49624,45754.19503,67392.64716,59267.88178,58674.84284,62847.84893,69821.22992,52030.31758,53032.71945,45117.4319,53981.70892,69936.90816,52546.321,59613.67656,56568.17023,71869.73469,53509.22801,68860.86434,84406.07922,57145.46853,54429.45342,45663.22417,63838.28314,55145.66809,63673.95552,86930.58983,51894.90985,48889.40876,50205.01728,71970.74484,57525.9662,46869.43724,68555.88893,80218.42519,60677.87666,60677.87666,60677.87666,21063.6141,13715.54507,23915.40204
"sp|Q4JIM5|ABL2_MOUSE","Abl2","Abelson tyrosine-protein kinase 2 OS=Mus musculus GN=Abl2 PE=1 SV=1",27138.79916,23369.78061,19211.08505,23484.44548,22283.12276,20663.73054,22172.15036,17889.72001,20540.35189,30313.54788,24071.24641,31257.59136,22326.58098,23983.65436,24763.69272,16734.92058,23508.99192,23077.8768,24461.64349,29505.51456,24558.89843,24051.95184,22474.31939,20488.41213,23511.07051,27422.08803,25272.99947,20939.20973,22430.89113,26917.63325,25574.44339,37276.96813,30546.13518,21233.9675,19448.67882,25028.17731,24668.3463,21286.07154,22613.50264,34677.51026,22194.80684,24030.17384,27747.13424,22627.16063,23655.64551,20890.97391,26481.6558,23086.5203,25112.37917,25112.37917,25112.37917,7963.381778,5790.013903,12050.36879
"sp|Q5SSL4|ABR_MOUSE","Abr","Active breakpoint cluster region-related protein OS=Mus musculus GN=Abr PE=1 SV=1",199108.955,172304.3562,66740.49841,177074.5808,118810.2043,108221.3393,119116.6408,149562.0546,103242.84,148573.3748,126702.336,245734.2465,158656.2294,88052.8709,100822.7301,77469.33469,149831.9532,104185.1554,116470.1141,168592.7777,138613.2435,106598.56,106641.3557,105232.2601,122535.2185,113998.3556,92791.0932,157814.276,114095.2155,163255.2526,133267.3386,211230.629,255268.0765,106750.5802,116107.2149,99354.07084,143218.6412,126030.6996,125306.7658,254910.231,104763.4393,112456.4962,94935.92281,176100.6872,125209.1588,111503.464,151433.8807,215455.4201,142311.8203,142311.8203,142311.8203,94460.85061,57665.51951,106935.8791
"sp|Q921H8|THIKA_MOUSE","Acaa1a","3-ketoacyl-CoA thiolase A, peroxisomal OS=Mus musculus GN=Acaa1a PE=1 SV=1",11833.03497,12768.98134,14385.23538,14192.99018,12596.50866,12848.23814,11421.88894,12698.1739,10847.86361,11711.63101,17070.99824,13261.74076,9434.31001,21865.95172,13685.35499,8271.573864,9336.587933,16632.98486,10497.78959,14246.36003,12255.00791,11187.11519,17519.90358,12177.2887,10418.19347,17566.57004,14786.59923,12423.27845,10393.81571,12690.90192,10908.79242,11332.63558,19476.40671,11455.21736,16119.49099,13032.58985,8789.866202,15505.7992,18324.39974,17441.47811,10971.01266,16345.75444,11368.94271,11546.50179,11761.50493,12049.6442,14438.38866,9757.6698,13639.3027,13639.3027,13639.3027,2770.512,1988.852465,4087.259954
"sp|Q5SWU9-2|ACACA_MOUSE","Acaca","Isoform 2 of Acetyl-CoA carboxylase 1 OS=Mus musculus GN=Acaca",246675.8289,257624.0903,302079.4897,282203.4237,276690.3245,266724.0441,307025.1061,254527.4304,272069.3063,283762.7088,322670.4071,256488.7963,236956.4127,282590.5656,296617.3228,317575.4556,323149.6724,308964.7026,324184.4967,290588.3234,288862.8127,301875.5338,298299.3752,278865.3931,268680.9758,275459.3162,297962.985,289551.0553,306032.2298,289042.673,302343.2614,272702.7346,234165.7266,286820.5083,295145.063,310344.5537,311709.5576,254990.304,314826.5892,296949.2535,294531.4866,298324.4595,314134.5503,334025.0912,354962.0546,296258.0935,318868.824,321144.3413,284750.3143,284750.3143,284750.3143,44987.36438,31224.01171,56511.70992
"sp|Q5SWU9|ACACA_MOUSE","Acaca","Acetyl-CoA carboxylase 1 OS=Mus musculus GN=Acaca PE=1 SV=1",248255.2993,257209.2881,301449.783,282046.7795,275797.3016,266556.8338,306977.2947,254617.5801,271581.9354,284027.2433,321727.9359,256591.7213,237258.3254,281702.2621,295362.3523,317343.793,323201.015,307836.427,324024.8198,290174.9548,289466.1699,300689.7767,297617.281,278308.3989,268545.7824,274802.1221,297457.9061,289315.4009,305881.6701,288386.18,302131.9231,272564.0215,235670.0381,286315.3223,293518.6082,309931.2381,311114.5006,254132.9295,313514.234,296829.8875,294614.1745,297656.5117,313266.2025,333919.0319,353793.7132,295724.2442,317928.3483,321095.7073,284082.7122,284082.7122,284082.7122,45147.83824,31242.17714,56465.37874
"sp|P50544|ACADV_MOUSE","Acadvl","Very long-chain specific acyl-CoA dehydrogenase, mitochondrial OS=Mus musculus GN=Acadvl PE=1 SV=3",948293.2727,514959.4721,301881.6454,403880.8971,625281.6011,580839.3035,383057.5678,635385.5557,468613.8748,573636.1981,493861.5129,922267.9292,1335422.885,458709.5991,357131.8733,437720.1418,440679.9592,401850.4788,490773.309,496119.6896,458402.7152,642395.4453,492033.2951,687340.985,435455.7674,497096.0546,308010.9365,451752.7599,687299.5857,396053.0119,364705.3304,629162.9674,1063656.304,595232.747,367418.3658,360420.8137,482677.3929,304805.7544,328305.3341,633466.6865,673641.9785,424460.6866,500158.1075,394175.6915,621729.9605,586345.5793,320451.7656,561542.4945,527422.3383,527422.3383,527422.3383,79424.36803,42994.1934,78318.60627
"sp|Q6ZQK5|ACAP2_MOUSE","Acap2","Arf-GAP with coiled-coil, ANK repeat and PH domain-containing protein 2 OS=Mus musculus GN=Acap2 PE=1 SV=2",102367.0554,117725.0871,63931.03901,117494.4643,97143.95104,83942.24648,85326.57321,97270.92002,82811.84183,102550.4886,100357.8528,167210.507,102458.6342,66298.10176,93118.18981,56604.73784,105343.8971,72339.59356,86173.3833,113057.8079,106687.6474,101463.649,91029.38221,78583.58753,99758.30945,96991.67866,78975.20676,96816.13553,95970.35456,118090.0523,86805.94073,137762.4673,101492.1439,102689.998,88506.38066,71746.32682,103370.0053,87126.82675,89350.29251,175903.5978,92635.28105,86889.02623,72985.09577,124861.9375,89870.73279,100508.9185,107154.776,135734.0423,100352.4478,100352.4478,100352.4478,21277.66127,44701.42043,67130.84091
"sp|Q8BMP6|GCP60_MOUSE","Acbd3","Golgi resident protein GCP60 OS=Mus musculus GN=Acbd3 PE=1 SV=3",32797.50486,24510.33916,17369.9877,25293.6288,27653.68505,19194.41737,23699.04866,24126.91522,26029.45052,28524.93484,24948.56187,31197.83305,27849.75101,23729.01651,27951.04836,21942.41833,31565.01754,22915.94418,26925.52213,30378.0311,30003.27795,29440.67057,24677.92576,24544.7623,24320.6029,24011.20976,20475.49854,29381.41107,29027.73849,26347.83056,26285.91855,24114.55876,33717.29161,29600.8039,25534.53008,26415.48387,29739.49222,22062.80767,24353.27682,28128.08637,28652.60242,23965.39143,27397.88125,26333.04161,29562.44917,28124.36654,27646.89783,26692.6638,26212.55302,26212.55302,26212.55302,5963.415609,3151.228084,9821.662029
"sp|P09470|ACE_MOUSE","Ace","Angiotensin-converting enzyme OS=Mus musculus GN=Ace PE=1 SV=3",44315.93354,50487.72632,49927.33465,53983.28976,51195.32123,59128.53809,53342.44148,54906.7709,53479.18836,65103.34999,64224.36762,54407.71538,56066.93767,63265.03685,56087.22903,53357.04575,52885.10162,61737.47442,63766.14199,56975.6081,52705.25985,59350.98386,57077.89129,65587.85881,50826.71787,57748.75761,52988.77346,48578.16458,52121.18186,49179.03844,53203.02944,53281.65981,50309.77197,57082.74345,54225.53535,56465.31844,53747.58322,49409.5627,54350.24252,52976.75778,56266.52832,54997.65537,58844.74853,54573.20838,53604.48101,52654.90825,46634.23637,49607.95266,54844.54498,54844.54498,54844.54498,7190.825813,6942.5965,10308.94347
"sp|P21836|ACES_MOUSE","Ache","Acetylcholinesterase OS=Mus musculus GN=Ache PE=1 SV=1",15717.81915,16346.68375,19282.42217,17672.99172,16081.86033,21039.70038,16096.02907,19754.70745,19901.37975,15778.94662,20894.46632,18853.31035,19348.79201,19860.31577,16720.36578,19259.06566,19624.77417,18273.44775,19477.66703,17694.86075,19810.32996,17040.72651,17165.01188,19850.89367,18027.98752,16982.54157,17951.82199,18281.5457,19411.09721,18593.16315,18426.41815,16224.76753,19486.2496,16939.54441,20906.84363,18144.23063,17300.88635,17626.29783,17019.51205,17265.47596,15977.68023,15928.14428,14650.18426,19833.71621,14143.56087,21493.5951,18788.4138,16637.38222,17794.19533,17794.19533,17794.19533,5283.463171,4310.276063,7767.724443
"sp|Q9JIX8|ACINU_MOUSE","Acin1","Apoptotic chromatin condensation inducer in the nucleus OS=Mus musculus GN=Acin1 PE=1 SV=3",78969.29147,45352.90403,108971.4158,68917.67161,64268.09038,55828.52312,44767.16633,73801.62133,53936.63961,63181.17977,49289.85265,66879.08914,61878.18206,44637.75526,65622.97611,86719.58321,60534.93413,41427.60526,53030.70613,55389.30747,57342.81048,50268.6532,43005.7824,62240.46246,56261.45808,60022.61896,39883.4948,72692.40208,60344.53209,47795.92793,46722.91131,57205.37746,69721.02984,54257.61674,57726.69425,39815.00825,62435.7493,32195.85427,52652.90642,50070.93506,57585.84486,68084.78757,60255.30468,52016.99842,59420.71718,64582.18818,52592.67876,46053.25868,53540.03465,53540.03465,53540.03465,15689.39538,11175.18493,23255.3725
"sp|Q9JIX8-4|ACINU_MOUSE","Acin1","Isoform 4 of Apoptotic chromatin condensation inducer in the nucleus OS=Mus musculus GN=Acin1",79829.02261,45120.7391,108413.5829,68775.86734,63405.9008,55542.7327,44336.17354,72396.06295,53241.23308,63097.91382,49037.53418,65571.73789,62358.06789,44409.25123,65287.04715,83841.99546,60354.87017,41215.53422,52916.47794,55806.90583,57003.40379,50567.34571,42785.63256,61245.46422,56459.67895,59715.35865,39679.32818,72323.53176,60971.19366,47551.25697,46654.34477,57222.29933,69518.29581,54519.80832,57431.18695,40420.90231,62899.98693,32031.04127,52383.37222,49712.7438,57958.20249,67736.25642,59031.91085,52353.49174,59792.1691,63955.08465,52323.45287,46434.34022,53265.95918,53265.95918,53265.95918,15553.30262,11117.97832,21030.14894
"sp|Q91V92|ACLY_MOUSE","Acly","ATP-citrate synthase OS=Mus musculus GN=Acly PE=1 SV=1",87902.32194,105116.7651,61279.49127,87165.48365,73048.3323,62423.60473,80138.20649,69271.12516,52895.79383,69369.16253,76029.57373,78569.30964,54726.71845,67233.09879,61016.67892,68964.83042,91747.33141,92060.96821,84685.64239,95281.0357,87565.19984,68625.75825,79432.82703,66975.97327,67453.72742,79332.71143,73286.00789,83358.74654,79620.0731,102617.278,88537.8671,70592.35489,64819.76485,74339.19448,66923.81737,70425.56534,81746.43871,90040.45668,92480.13775,88578.20574,64937.14629,66868.94345,76755.30198,101058.8396,87026.58387,59723.46994,79891.34482,116152.5545,78985.52875,78985.52875,78985.52875,41119.26509,29157.58202,57355.01622
"sp|Q99KI0|ACON_MOUSE","Aco2","Aconitate hydratase, mitochondrial OS=Mus musculus GN=Aco2 PE=1 SV=1",39527.1368,27902.75497,171281.0974,39241.24636,49332.97189,31913.4897,25452.66709,33573.50521,60722.66699,39143.36258,28092.01049,43306.61751,35259.07083,28565.11214,43040.47425,71499.09142,30343.23636,27821.29731,26244.12259,47049.10061,46485.72237,35468.84983,42736.61955,56354.94899,39349.92485,30715.02704,29581.72426,42111.22882,36968.47511,31885.69703,52638.87741,38588.00966,75444.83494,43222.99778,35414.08513,22555.02659,32416.70828,28253.58659,27730.66456,82686.5435,35983.23533,52084.79111,23249.95916,29510.36057,38188.48367,41055.97571,35315.44156,34896.61881,39467.82817,39467.82817,39467.82817,15390.63551,8842.355087,19190.72977
"sp|Q8VHQ9|ACO11_MOUSE","Acot11","Acyl-coenzyme A thioesterase 11 OS=Mus musculus GN=Acot11 PE=2 SV=1",931889.7661,984438.0997,866476.324,707991.5706,1419324.656,882406.1184,937095.8327,998125.3811,878329.2588,925338.7431,803238.4478,775246.2213,1027904.841,926982.0605,1115315.843,824386.8082,1208672.338,1087713.931,830467.3005,1096924.24,1182434.979,1289958.106,1022501.901,875317.8202,1075775.406,1003115.511,973630.9115,992044.2369,1160257.566,924286.8266,1081976.703,863399.1704,868411.3837,1069181.19,1039658.522,1213571.83,1021976.428,932763.4989,938078.5808,862917.4334,1253988.488,1116172.918,1083189.569,1081403.434,1229862.387,1396974.249,1524166.45,1158082.458,1009971.208,1009971.208,1009971.208,145481.0904,93218.61832,134738.5765
"sp|Q91V12|BACH_MOUSE","Acot7","Cytosolic acyl coenzyme A thioester hydrolase OS=Mus musculus GN=Acot7 PE=1 SV=2",90183.9986,71232.20065,36636.09954,45049.05854,41413.75583,32867.54067,40375.00616,23113.93385,27264.39728,38958.70813,40319.69992,36973.27338,31817.46494,45315.80325,46213.36374,18366.30891,51897.79069,61821.66913,39042.27232,35785.59497,63453.27853,44449.45736,40262.01924,23661.69146,38646.41078,62109.92172,37378.44288,34437.23781,51264.37315,68281.8279,29892.60536,32556.8384,37028.31789,59275.43104,48729.84122,29546.67679,50237.07524,43577.66425,56673.49572,56456.53181,37200.83465,43358.52916,31374.05438,41000.34418,59375.65445,37026.49804,49479.09625,62440.27821,42944.29042,42944.29042,42944.29042,30471.88322,8552.957002,10553.77029
"sp|P24638|PPAL_MOUSE","Acp2","Lysosomal acid phosphatase OS=Mus musculus GN=Acp2 PE=2 SV=2",76408.9847,91434.92067,79078.09884,83716.32735,97585.9425,93667.99175,83658.64684,74188.39117,117573.3529,93972.97769,90717.92804,79412.92163,88115.28677,96968.62665,80984.85912,79782.13938,88282.05397,85841.72909,85718.59845,88999.63217,106864.0269,103712.0239,103068.8226,91814.64078,99028.08697,85903.64765,104592.5227,76421.69665,96415.14925,91112.97379,83154.97344,78547.92651,74988.25337,75341.48683,113782.1605,91564.31324,98051.23571,106309.3761,88598.18504,72173.59481,99686.67577,81703.12593,75422.88358,80520.28146,77991.7363,91713.59249,95009.62397,76919.49654,86080.52194,86080.52194,86080.52194,16354.91819,11623.73582,18976.99441
"sp|Q3V140|ACRBP_MOUSE","Acrbp","Acrosin-binding protein OS=Mus musculus GN=Acrbp PE=2 SV=1",67781.83245,34918.57365,14662.60554,53916.67419,47961.96807,26932.87806,27086.92289,41632.06842,38537.79962,56099.69311,28232.72734,69816.94314,61942.74647,14260.53109,24432.98598,15837.12475,49389.83879,24076.44972,31907.41099,46524.77596,46356.59126,40622.64515,21565.11544,29144.8362,46965.88271,24449.25978,20754.48213,34506.13748,34135.19711,32146.24069,30012.52853,61416.99891,99330.87179,31910.88126,23390.19594,20759.8951,45115.41846,20767.57013,24565.87116,76006.90207,37329.79326,29306.26628,23874.79914,41895.81025,37697.63594,38716.94741,33405.52624,47649.52417,38163.26469,38163.26469,38163.26469,11298.52,7537.29259,20370.04591
"tr|D3Z2G8|D3Z2G8_MOUSE","Acsbg1","Long-chain-fatty-acid--CoA ligase ACSBG1 (Fragment) OS=Mus musculus GN=Acsbg1 PE=1 SV=1",192824.8974,282098.9604,244769.9253,247116.4214,301119.2895,214195.9315,315331.166,210019.9496,248463.7916,246737.5938,269808.834,207563.286,204968.3971,289331.8893,293627.9756,295522.599,277056.0607,281348.2613,313216.0588,269617.3699,282301.4397,273501.5902,291162.3293,261401.3543,279745.2337,255320.9887,268312.8746,268819.9535,253875.5713,258640.0212,300352.7055,242137.6253,157893.0597,253175.2825,267304.9658,326072.3148,279704.4686,327219.9865,260870.1091,245243.2543,293596.8844,289971.1606,370399.3942,307830.3211,300789.6911,298088.5986,357483.995,326142.551,272196.9321,272196.9321,272196.9321,28194.36791,28773.13726,37714.725
"sp|Q99PU5|ACBG1_MOUSE","Acsbg1","Long-chain-fatty-acid--CoA ligase ACSBG1 OS=Mus musculus GN=Acsbg1 PE=1 SV=1",3101215.847,4032196.638,3471047.871,3201504.821,5412371.468,3065179.947,3860814.896,2979443.936,4399157.08,3638092.719,3862573.556,2939205.717,3190715.492,4079397.933,4010755.435,3955747.346,4343667.363,3679252.086,3842269.351,3929905.781,4494161.243,4835771.047,4693093.142,3352734.052,4399580.021,3502626.376,3830764.513,3712371.578,4392363.567,3908854.072,4122762.327,3529985.133,2788441.597,3945922.749,4310770.305,4204796.325,4386881.322,4226743.584,3471294.574,3445904.257,5243130.104,3952702.652,3997902.522,4556584.188,4994209.622,5130322.273,5153954.642,4709619.261,3792216.554,3792216.554,3792216.554,476125.757,443293.1114,545013.0949
"sp|P41216|ACSL1_MOUSE","Acsl1","Long-chain-fatty-acid--CoA ligase 1 OS=Mus musculus GN=Acsl1 PE=1 SV=2",800746.2825,1192722.737,583408.6785,539671.1276,888627.9445,489114.9817,791410.3799,468482.5284,1015184.302,653131.1636,724534.6695,480023.9955,561080.1858,662025.8554,461727.3746,665200.6636,969035.0969,556819.5998,737485.5402,589474.7918,626334.041,988921.8293,833769.0184,541374.7129,796326.8373,527731.5692,871951.3881,855519.3503,980352.2169,680571.2359,919836.6864,625418.6018,475546.0114,720245.5901,624557.4301,699190.7217,821445.9027,561641.3963,599243.6699,611734.8404,719203.484,542521.18,563523.361,799266.4034,866497.1857,906587.2237,575612.2205,1095387.605,679460.1403,679460.1403,679460.1403,88311.92042,61326.55363,89978.9479
"sp|Q9CZW4|ACSL3_MOUSE","Acsl3","Long-chain-fatty-acid--CoA ligase 3 OS=Mus musculus GN=Acsl3 PE=1 SV=2",105365.5719,80040.27267,76092.07329,83311.75405,98964.55351,109160.476,70242.67758,114796.2282,97563.55484,96799.23817,71741.93164,103311.9522,114736.4112,69603.27065,78124.85055,81162.49004,77814.17388,64105.84931,71538.59806,93901.66755,94976.8704,91675.58894,79355.32787,97536.6251,88918.57404,72645.91912,69128.2083,86342.97885,88340.08301,63679.20501,74799.00063,89560.19956,115407.7521,70767.62079,87717.24492,67793.87055,82140.86815,60532.87853,72231.6335,88531.1421,85127.6675,83711.61349,65455.76055,72778.91512,75674.61356,94516.29843,76326.95094,85772.00721,82954.85378,82954.85378,82954.85378,16882.43519,18407.25482,25802.72724
"sp|Q9QUJ7|ACSL4_MOUSE","Acsl4","Long-chain-fatty-acid--CoA ligase 4 OS=Mus musculus GN=Acsl4 PE=2 SV=2",59088.96887,47286.96725,38325.08129,43565.72683,51064.25343,53945.91459,38582.25519,57578.97525,48966.95676,49896.03158,36731.38879,50801.19929,58780.59945,37751.52211,41957.08449,39572.87412,48435.43165,36665.75188,35770.35937,47194.41681,54337.36,46801.51683,40997.30251,46865.07835,51253.76785,38609.54563,37014.1185,47581.06427,50318.5883,35049.86848,45184.88582,45798.94401,56521.91063,43885.94752,46952.96955,38147.39924,45451.43837,35318.72845,37383.40692,48989.64474,50406.88139,42173.27182,33962.43396,39778.36936,45250.36525,51228.52151,45117.1843,49112.38189,43055.30068,43055.30068,43055.30068,9646.918544,6443.764409,15016.4922
"sp|Q8JZR0|ACSL5_MOUSE","Acsl5","Long-chain-fatty-acid--CoA ligase 5 OS=Mus musculus GN=Acsl5 PE=1 SV=1",132368.7865,178237.0207,120012.8441,114036.4713,152192.3308,109048.0845,141258.4709,108474.0327,176142.4716,118375.4584,127943.713,106320.2736,113828.1622,127239.6662,105282.2576,129210.3002,148264.4734,114101.3629,129016.9664,124367.7289,129017.1934,157646.2431,141340.0725,116737.0114,133287.0666,109503.2401,142397.026,154936.0172,151833.8956,120974.2654,160024.3076,123885.7959,105354.313,135094.1605,139238.7641,136328.417,133225.3121,114057.7644,123231.5599,124336.1051,127046.7498,110674.675,112775.5008,135903.9098,147044.2769,152021.7272,125617.691,168276.2276,128414.6329,128414.6329,128414.6329,21531.73327,15268.29631,28847.01371
"sp|Q91WC3|ACSL6_MOUSE","Acsl6","Long-chain-fatty-acid--CoA ligase 6 OS=Mus musculus GN=Acsl6 PE=2 SV=1",311488.6713,257458.2278,291768.384,270242.5734,365343.6432,318724.1431,252459.3927,319593.6588,344615.1093,286953.986,277539.079,276987.7379,343327.5278,280955.2885,263443.3956,290816.8916,333082.8034,235692.4855,254520.9266,296257.908,358617.129,345511.401,283457.0892,281077.119,340872.4342,242505.3555,252777.1098,290104.9408,321321.398,258581.3444,279585.6917,275006.3125,346608.1803,295054.1425,352778.9975,236388.619,327399.5128,228326.4739,235589.5718,274138.1873,315772.1618,271723.0016,204232.536,271050.0045,303016.2575,341419.2918,290168.4391,266712.5148,273675.0793,273675.0793,273675.0793,73605.67095,51248.9438,87936.82807
"tr|B1ARG5|B1ARG5_MOUSE","Acsl6","Long-chain-fatty-acid--CoA ligase 6 (Fragment) OS=Mus musculus GN=Acsl6 PE=4 SV=1",102058.7459,96213.15854,95831.20587,92718.15015,115675.2707,102878.1643,87889.89367,103903.5873,109176.9344,94157.53107,96348.95319,91604.39625,109189.3508,100651.9136,90271.96928,98672.09036,106361.7708,78305.71602,86962.66138,107325.3113,117322.0538,103105.6623,93696.91804,94289.60966,109643.2051,85320.67871,85542.74889,94750.93495,105841.4154,89095.52003,88136.75411,98195.63653,109320.314,93600.84544,116841.1868,77370.37782,104803.421,77792.32274,80007.10832,91984.52452,100574.8931,94638.10937,60367.46351,91639.6846,91574.89391,109545.9096,98046.41956,88697.54975,93252.96584,93252.96584,93252.96584,23952.62354,16912.69523,26404.19904
"sp|P68134|ACTS_MOUSE","Acta1","Actin, alpha skeletal muscle OS=Mus musculus GN=Acta1 PE=1 SV=1",10522993.35,9016955.743,6807626.76,9285091.511,18644488.79,7097511.596,9467810.258,5734201.044,8674684.17,18753129.91,15945601.42,11606764.95,13615376.55,16628885.04,6228763.974,7312475.889,5847628.96,8089116.277,11772032.34,13679095.05,6584350.367,13778874.81,11869286.99,10150584.82,8242476.244,17014034.3,6824957.133,6452597.069,13903159.01,12842781.32,5581689.058,12290951.88,15414015.35,12277394.79,5838432.469,5548305.522,13267270.36,4980861.057,6040667.377,16879362.32,15778542.66,10252287.99,11386614.33,5175426.55,12766066.95,11534484.69,5673949.765,7982322.629,11014254.1,11014254.1,11014254.1,2156481.535,1111757.193,1832576.005
"sp|P60710|ACTB_MOUSE","Actb","Actin, cytoplasmic 1 OS=Mus musculus GN=Actb PE=1 SV=1",10471110.22,8914410.868,6813433.663,9324036.586,18856540.71,7204195.736,9408661.218,5715752.642,8701189.021,18555564.63,15574147.36,11722890.08,13538965.69,16010568.12,6333183.596,7350110.062,5905217.367,8037881.721,11619935.46,13665137.89,6561455.097,13927651.7,11966528.25,10105702.84,8191762.721,16174607.24,6943770.141,6530748.209,14002755.65,12590097.51,5685686.343,12337239.93,15561922.15,12286399.99,5911771.363,5526374.569,13168736.84,5060181.693,6116223.081,16940392.51,15957270.42,10326238.49,11101463.76,5238131.062,12751478.99,11573053.11,5797975.342,8060565.31,10884845.02,10884845.02,10884845.02,2122911.921,1126125.279,1860443.157
"sp|Q8BFZ3|ACTBL_MOUSE","Actbl2","Beta-actin-like protein 2 OS=Mus musculus GN=Actbl2 PE=1 SV=1",8805029.326,6955101.675,5288765.933,7496739.031,15279719.8,5595201.118,7624767.145,4552209.814,7350262.334,14509255.36,12577810.59,9461392.993,11207053,12832151.44,4853522.818,5747961.21,5525532.717,6252447.95,9192502.262,10955062.53,5913210.387,11657754.52,9509538.551,8077249.782,7148980.92,12933557.15,5517818.775,5065951.069,11625203.81,10112374.82,4444394.933,10026487.43,12508509.67,10268361.96,4720958.545,4357237.252,10596106.17,3921846.641,4717655.168,13643836.54,12957557.26,8155258.054,8775912.14,4163762.774,10810537.62,9525413.754,4522936.799,6445242.932,8782677.382,8782677.382,8782677.382,1845453.916,873158.5893,1431422.208
"sp|P63268|ACTH_MOUSE","Actg2","Actin, gamma-enteric smooth muscle OS=Mus musculus GN=Actg2 PE=1 SV=1",10534204.98,9032554.93,6808676.784,9323456.412,18694659.29,7090761.744,9489914.197,5706918.919,8672480.862,18837943.43,16040432.79,11700329.89,13661350.32,16766931.21,6192848.059,7307765.841,5820993.731,8098082.4,11863258.29,13795682.75,6546361.033,13814650.25,11849225.88,10212593.96,8203946.125,17091152.32,6804164.74,6435613.274,13884936.88,12931254.75,5578311.47,12362472.57,15477321.41,12286780.62,5823269.348,5522388.882,13295759.86,4944396.897,6034923.314,16988883.97,15818971.21,10268410.42,11436881.5,5151320.455,12778285.18,11522903.27,5651662.236,7980203.976,11038109.64,11038109.64,11038109.64,2136501.539,1119439.318,1843685.37
"sp|Q7TPR4|ACTN1_MOUSE","Actn1","Alpha-actinin-1 OS=Mus musculus GN=Actn1 PE=1 SV=1",260868.7764,188877.701,174697.3966,283374.8542,497031.3015,185711.7357,186967.614,156627.5394,199617.7244,411987.1196,338844.8973,367180.0749,349815.0978,235626.6496,146811.1915,154951.174,149664.9569,169503.2985,228496.3901,304039.6045,174965.6241,266474.2281,277810.3031,257390.5257,193709.5932,312866.3138,140023.3767,216992.4069,349090.7111,283705.3263,168998.4066,394358.3912,528609.7301,293959.8037,155853.1293,124217.2756,297596.1031,135376.9601,167466.18,489014.3462,355879.5858,252465.7809,239615.4966,164193.6424,267301.4769,291833.9787,152515.1681,217978.2662,244596.9038,244596.9038,244596.9038,55783.61082,39088.77715,70705.07128
"sp|Q9JI91|ACTN2_MOUSE","Actn2","Alpha-actinin-2 OS=Mus musculus GN=Actn2 PE=1 SV=2",56484.17273,58855.95052,48012.49632,77756.39388,112378.6061,55854.48784,52633.82965,48246.80979,59513.09733,100229.3375,100028.1889,105866.5527,82090.65339,66946.04875,43981.87774,45049.99372,46146.75851,48986.65842,69190.01619,97249.3871,46262.56242,71160.5856,79607.55145,74190.7647,53159.13745,85049.40685,39832.04518,62623.87733,73966.84876,77492.28889,47642.87455,111249.0781,101914.0259,66573.78408,42989.00757,37308.39823,75502.43218,39629.39914,46591.60661,138778.6166,89957.16094,73968.16941,73159.52383,42562.96867,62633.0475,68284.01047,40932.8718,54651.86346,68378.50837,68378.50837,68378.50837,13534.70994,8566.762544,14824.18347
"tr|E9Q2W9|E9Q2W9_MOUSE","Actn4","Alpha-actinin-4 (Fragment) OS=Mus musculus GN=Actn4 PE=4 SV=1",103101.348,76951.09714,62710.50964,110380.6105,193663.1894,71658.71961,72458.25486,68060.99703,76381.22791,163373.8862,134036.4807,130571.4842,145278.9071,93109.95857,58699.63361,59575.94189,59483.8283,65840.96146,87206.81298,105728.8942,69651.06872,107067.9026,113363.6522,97381.2071,73960.20101,132011.0904,52282.51139,84610.10769,135303.5631,110273.738,70347.01029,135332.2501,206287.8361,117874.8142,63627.62202,51403.32492,116517.1963,56374.46746,77396.23098,162046.4002,141015.3682,102083.5063,91492.3891,71056.16238,104262.1746,115593.8867,60999.51219,91277.11038,95062.54376,95062.54376,95062.54376,19418.80887,13802.65538,28804.29624
"sp|P57780|ACTN4_MOUSE","Actn4","Alpha-actinin-4 OS=Mus musculus GN=Actn4 PE=1 SV=1",152659.6295,113423.7556,100067.5283,166378.5412,265080.7275,111976.1345,108024.458,102855.7052,106659.6607,224603.3798,192830.1261,192984.6891,204756.6994,136808.5049,93780.07526,86481.1282,89493.35992,104143.3016,129601.2726,161174.0885,103007.2949,142070.94,162665.7628,142592.7285,107683.1274,195516.1833,86184.81222,123354.8915,188764.729,160282.1312,102701.3224,196868.2257,292905.8804,172800.9999,97467.16172,77034.91545,164352.6235,87968.85754,119248.7637,242487.8818,189557.7624,152692.9143,134606.3494,105126.8699,147602.2498,162547.9529,97410.76102,133230.9824,140581.5529,140581.5529,140581.5529,28602.23422,20651.87728,40030.07431
"sp|Q9QZB7|ARP10_MOUSE","Actr10","Actin-related protein 10 OS=Mus musculus GN=Actr10 PE=1 SV=2",45798.7277,49237.08969,21372.3724,41349.251,40149.99692,30152.46182,37488.3344,34468.22961,36489.11967,36075.3965,35708.12374,50819.96401,40601.24163,29990.01064,35774.61563,29061.65454,37355.81941,34845.0985,34442.01983,42682.1327,46211.02561,37535.16386,34110.03048,33391.24922,32750.67169,41165.8664,35793.00265,34081.74281,39534.77076,45166.17475,31201.00918,45095.48536,58290.70276,38584.53548,38022.4047,29797.95846,35662.33971,33173.18511,46057.47832,54343.36732,37707.40671,29212.33467,28022.89168,39850.4424,38954.98715,39570.57382,35449.37555,41556.38904,38897.18277,38897.18277,38897.18277,24881.33933,6083.405459,19641.96718
"sp|P61164|ACTZ_MOUSE","Actr1a","Alpha-centractin OS=Mus musculus GN=Actr1a PE=2 SV=1",152391.5271,141093.4955,97858.02208,121211.7157,128459.4288,96956.79588,104214.4846,97740.37071,96746.37604,114134.0165,120857.5144,152622.0017,123898.8455,120938.0103,100078.4054,79829.99042,124882.9464,110553.3531,98329.80319,122868.0205,134697.3148,114301.8942,112242.006,84568.35455,99607.36588,120694.867,99663.12125,102196.7079,111980.9584,132719.7633,100929.7818,131854.0523,205253.0659,111982.9489,110762.7192,82801.38392,117041.1174,99898.69119,119398.5593,172058.8764,105430.1565,99306.81472,85538.3766,109638.2342,108176.5574,104901.0108,115226.3237,129942.2231,117002.8502,117002.8502,117002.8502,54523.41321,30266.53584,67551.30498
"sp|Q8R5C5|ACTY_MOUSE","Actr1b","Beta-centractin OS=Mus musculus GN=Actr1b PE=1 SV=1",188490.8699,172005.898,113254.5053,155067.3651,150522.6842,119691.9753,132805.2655,122380.073,122444.4295,143468.9309,149566.6675,199862.8676,152889.4534,143217.918,121310.1379,89170.526,147885.6731,130495.7043,118360.2009,137777.9122,167404.459,145341.9088,135305.8825,106425.9645,125461.2535,144524.2124,122915.1896,129688.3236,146021.4885,168345.2581,119513.8736,173586.6107,246560.1428,147398.0129,129128.4758,99552.1371,146110.9156,125473.3533,146219.3312,220160.1224,130392.8119,125048.21,101545.6853,136638.6348,138060.4366,132869.2737,142969.784,165507.065,143480.6636,143480.6636,143480.6636,68376.36136,35170.89424,83864.00723
"sp|P61161|ARP2_MOUSE","Actr2","Actin-related protein 2 OS=Mus musculus GN=Actr2 PE=1 SV=1",40421.03357,43436.90175,34216.71474,41334.77125,47870.07083,35193.95708,40020.25303,34761.68135,33483.55485,37433.81764,42617.84854,37202.24086,44146.20573,44443.05855,31667.64069,34267.94304,24301.51023,35075.09796,38812.17864,33917.3884,33561.91848,43176.25202,42267.60622,40657.51996,31670.71874,37611.79056,32312.37844,35567.98274,46197.00438,41817.26876,34224.26636,40697.83983,37788.4842,36058.25197,28000.20085,30330.70475,34979.44223,30642.68951,36898.75634,47054.14737,42699.1082,32392.53655,37075.65179,34429.3482,46962.88491,34868.40295,29304.76996,41282.42078,36147.26613,36147.26613,36147.26613,13196.63054,7810.059508,22349.71029
"sp|Q99JY9|ARP3_MOUSE","Actr3","Actin-related protein 3 OS=Mus musculus GN=Actr3 PE=1 SV=3",34701.67418,32589.36643,27141.17652,32510.80385,45945.80821,26063.10183,37000.50999,26997.53064,24193.20026,28632.12616,35828.29547,33926.77502,37190.84864,35789.32997,23374.32996,29141.91643,24876.84921,23794.47947,31851.4251,29910.91327,26102.41867,38870.6644,33970.63256,35761.91942,22422.74024,36035.08066,25515.33917,28724.94313,42650.11015,33819.8263,25623.77535,34406.67819,31334.89957,29840.89643,23776.57757,22390.71678,21980.74137,19879.96988,24877.21168,40748.19862,33999.19991,22361.45265,31129.58796,25074.4126,34424.6723,28483.93317,23511.19555,31322.88488,32024.74889,32024.74889,32024.74889,11083.62574,5942.727518,12427.92839
"sp|P37172|ACVR1_MOUSE","Acvr1","Activin receptor type-1 OS=Mus musculus GN=Acvr1 PE=2 SV=2",23911.09722,28548.34474,24489.23442,19695.32004,26539.94982,24229.35233,20663.61612,22601.70263,26565.90129,26315.86627,25513.61986,17909.93643,21938.38701,30735.39684,28517.44659,19070.26395,26325.35523,28480.64923,19299.00991,22136.44014,29564.07608,32172.75951,30146.65761,18150.11292,22723.61025,31857.1627,31080.58011,24325.16865,26717.71489,27925.74287,21462.27153,24943.54236,22672.76892,25557.3743,29135.87934,21971.99583,27196.65406,26276.85218,30586.96213,16136.54226,27725.14186,27527.07778,21563.78453,25824.27122,36112.2101,28585.78887,34955.72696,23160.16524,25569.01597,25569.01597,25569.01597,4402.279542,2417.603997,7051.802952
"sp|Q61271|ACV1B_MOUSE","Acvr1b","Activin receptor type-1B OS=Mus musculus GN=Acvr1b PE=1 SV=1",47221.56851,66069.04949,51737.30738,52586.64514,67704.5195,47302.33788,50075.28147,58029.67938,56636.86818,44657.47477,48833.14362,49552.94143,46052.9757,105630.3049,55320.99005,50834.64252,64527.59856,81106.95924,50044.21475,55324.82,54880.23633,64342.77148,51233.36472,50508.84375,57886.10964,83272.36078,49279.78357,58596.91312,53757.01333,68919.55186,57358.93892,49695.94156,52532.92396,58372.1381,68566.01386,53679.76037,51784.331,60457.37945,58580.45208,52557.84544,59280.99033,41394.68232,51631.60006,56288.88746,51501.89975,57582.43268,72387.2557,60145.46163,58288.60604,58288.60604,58288.60604,12482.68,17461.40068,15943.53112
