"ProteinAccession","GN","ProteinDescription","Ctr_Avg","b1_s13_M_3","b2_s2_M_3","b2_s10_M_3","b3_s16_M_3","b1_s4_M_6","b2_s15_M_6","b3_s1_M_6","b3_s15_M_6","b1_s9_M_12","b1_s16_M_12","b2_s14_M_12","b3_s9_M_12","b1_s11_M_18","b2_s3_M_18","b2_s9_M_18","b3_s5_M_18","b1_s15_M_24","b2_s5_M_24","b3_s3_M_24","b3_s6_M_24","b1_s1_M_30","b1_s2_M_30","b2_s13_M_30","b3_s7_M_30","b1_s12_F_3","b2_s7_F_3","b2_s16_F_3","b3_s14_F_3","b1_s5_F_6","b2_s11_F_6","b3_s10_F_6","b3_s13_F_6","b1_s6_F_12","b1_s8_F_12","b2_s6_F_12","b3_s4_F_12","b1_s14_F_18","b2_s1_F_18","b2_s4_F_18","b3_s8_F_18","b1_s3_F_24","b2_s12_F_24","b3_s2_F_24","b3_s11_F_24","b1_s7_F_30","b1_s10_F_30","b2_s8_F_30","b3_s12_F_30","b1_s18_IR_IR","b2_s18_IR_IR","b3_s18_IR_IR","b1_s18_IR_IR < 0","b2_s18_IR_IR < 0","b3_s18_IR_IR < 0","b123_Neg"
"D3YUR8","0610007P14Rik","Protein 0610007P14Rik (Fragment) OS=Mus musculus GN=0610007P14Rik PE=4 SV=1",12557.941141,58605.321089,73808.227209,102747.783459,51136.554879,63278.745199,80136.383619,69988.005459,57704.426299,82837.170069,83479.542349,38187.027219,44618.335569,88943.315059,85742.751899,76572.730179,64864.249739,68644.560649,78642.118049,60156.582709,53499.536979,41994.810359,55261.679919,79187.089179,57891.727639,74929.712789,77048.061729,74283.613889,58839.797279,59010.538029,61119.434419,45790.377969,47569.134709,82129.005969,73549.143279,84064.808659,53501.439049,71194.344409,65238.720449,116183.666359,53365.341229,62184.194879,90252.648159,58492.711959,49542.543229,44390.033779,84592.456119,93169.905559,45065.593709,65746.074719,65746.074719,65746.074719,0,0,0,0
"Q9D937","1810009A15Rik","MCG127334 OS=Mus musculus GN=1810009A15Rik PE=2 SV=1",6322.706704,25561.321296,19531.445326,29342.525486,15687.071676,24463.378456,23815.338826,13405.882366,16020.410496,23937.788566,23956.056106,17890.286916,18380.834546,29093.642486,22399.593006,29580.152656,22767.274086,25200.802206,17412.066266,16534.640806,17584.973866,29379.609216,30834.908126,14243.345766,14004.044926,22755.460826,18976.105126,18798.518966,15312.144016,22759.494276,23760.342116,20052.750486,22653.213656,35371.546026,25253.937556,22753.327346,20320.039396,26302.247086,20626.609666,20270.251576,18287.958676,28022.213786,24423.080726,27185.086936,24452.871946,25197.855966,32377.962956,24785.614806,18823.330576,19610.615856,19610.615856,19610.615856,0,0,0,0
"F7B0R9","2010300C02Rik","Protein 2010300C02Rik (Fragment) OS=Mus musculus GN=2010300C02Rik PE=1 SV=1",16956.7708766667,15099.7973833333,17416.7169333333,4908.19461333333,21680.6424233333,12671.6068933333,4670.10493333334,12612.5418033333,3404.27170333334,9702.73383333334,15449.2581833333,10059.8829333333,31704.6388333333,6403.68740333333,11976.6343333333,14893.8616833333,4464.07215333333,9807.14171333333,11558.3095133333,8769.91273333333,25696.5283633333,7801.98791333333,10260.6835833333,9648.01682333334,6682.98035333334,13356.4049033333,16315.4771333333,15190.9335933333,15460.5979233333,6933.55501333333,16194.5453333333,18668.3861433333,35650.0843733333,24362.3831233333,10568.6523933333,7031.28242333333,11196.7252633333,9387.38957333333,14972.8846133333,12927.0328333333,53218.1415233333,6242.90689333333,17094.0716633333,7140.40352333333,14634.7768633333,13416.0873933333,13675.6184533333,12565.9481133333,20721.4647133333,15324.8799933333,15324.8799933333,15324.8799933333,0,0,0,0
"E9Q3M9","2010300C02Rik","Protein 2010300C02Rik OS=Mus musculus GN=2010300C02Rik PE=1 SV=1",1276773.88383333,1931289.44916667,1874688.99716667,964303.339166667,2111495.51016667,2742998.44816667,952838.280166666,1659867.81016667,630050.574166667,1323513.15516667,2731189.41216667,2417389.16016667,3269173.09816667,1562776.62016667,2465580.46616667,1395881.74916667,822370.591166667,806793.321166667,1373172.20516667,1533836.70916667,3118038.18416667,1035175.83316667,2190700.44316667,1954107.84616667,1211814.82616667,1367001.55516667,2726144.26816667,1407756.15216667,1519014.95516667,1830188.64816667,2567329.76516667,1514489.69316667,3612639.18216667,3056644.01816667,1674499.32316667,930133.167166667,1049847.23716667,1624354.06516667,1067179.62216667,1159610.03516667,5423796.35816667,2000554.79716667,2055721.61816667,1391936.32316667,1050997.69116667,2068850.90916667,1805043.08316667,1082102.89616667,2089541.20516667,2047067.59716667,2047067.59716667,2047067.59716667,0,0,0,0
"Q9CPN9","2210010C04Rik","Protein 2210010C04Rik OS=Mus musculus GN=2210010C04Rik PE=2 SV=1",399134.200566667,-151470.821566667,-243398.320566667,-136335.826366667,-208361.671666667,-173590.396866667,-194029.731566667,-153335.866666667,-182418.206766667,-187269.622466667,-158062.940166667,-196751.770066667,-111278.508566667,-164925.620966667,-277560.268866667,-196019.217066667,-158384.644966667,-163382.304566667,-206451.489666667,-175310.750166667,-170034.174466667,-170325.336066667,-155250.837766667,-249873.255266667,-94957.5842666667,-201360.879466667,-209708.985366667,-177290.154866667,-134032.208766667,-137856.187766667,-215596.320266667,-94783.2545666667,-204979.957866667,-147331.241766667,-136584.807066667,-271775.326166667,-59972.3593666666,-174471.368366667,-258166.016066667,-248613.657166667,-169598.251166667,-176946.966666667,-152685.276666667,-119577.639266667,-175903.164966667,-151555.595266667,-169779.847566667,-225342.657866667,-146096.469366667,-177377.104466667,-177377.104466667,-177377.104466667,1,1,1,48
"Q3TE80","2410002F23Rik","Protein 2410002F23Rik OS=Mus musculus GN=2410002F23Rik PE=2 SV=1",77526.1385033333,-26202.2401633333,-27704.7441333333,209.693686666666,-31707.4406033333,-26420.9930933333,-25307.3470433333,-32288.1681833333,-29023.7246633333,-21439.9958933333,-26848.0255433333,-28167.3564833333,-35927.0745633333,-29740.7095733333,-24953.7332433333,-34493.0865933333,-15722.2964433333,-21252.4171333333,-27761.1044533333,-33256.3469533333,-33491.8639033333,-28016.4668233333,-22124.8151133333,-27987.4953733333,-31845.4307833333,-33109.0330733333,-33258.5822633333,-22984.8786333333,-35948.3543333333,-25870.2458133333,-32586.4146333333,-31943.9035533333,-33411.6797333333,-19786.1550633333,-25317.4929733333,-27216.7254233333,-34365.4968833333,-28985.7374133333,-26305.5704133333,-27221.9523733333,-35717.7013133333,-25775.9242533333,-32736.5416733333,-32850.8524233333,-37067.0434533333,-27948.6535133333,-25785.3472233333,-34011.4041233333,-35968.9578333333,-25809.8230733333,-25809.8230733333,-25809.8230733333,1,1,1,47
"D3Z3S8","2900011O08Rik","Protein 2900011O08Rik (Fragment) OS=Mus musculus GN=2900011O08Rik PE=4 SV=1",15114.7184533333,110365.715746667,172000.619046667,134476.674046667,121007.424746667,109930.130046667,134354.471846667,143382.112346667,114068.203146667,136971.328146667,132913.101746667,137180.172846667,92799.7963466667,105463.217146667,168473.268746667,147790.874546667,119070.878946667,123737.969146667,171994.314146667,137135.619946667,110422.008646667,101658.048546667,117025.567746667,129737.344846667,126322.780246667,110484.333646667,153595.660146667,172069.470146667,120295.264546667,118023.947346667,139978.556246667,128300.465446667,103806.277446667,90693.6456466667,132462.936146667,137140.234646667,145472.464146667,119305.008746667,209013.582446667,165426.477546667,98392.9224466667,116071.196746667,138031.933446667,151900.013146667,127146.150746667,128455.216146667,138137.352446667,158456.800446667,109956.657546667,131676.832746667,131676.832746667,131676.832746667,0,0,0,0
"D3YWS4","2900011O08Rik","Protein 2900011O08Rik OS=Mus musculus GN=2900011O08Rik PE=4 SV=1",3750.96726233333,24381.3707376667,36523.0310576667,27969.3659976667,30031.7207676667,21006.8462376667,29632.9331776667,39621.0933576667,27237.2759176667,29840.1738776667,29926.8248576667,30375.1290976667,19550.7730776667,24198.4850476667,39168.3601076667,32033.2515476667,45769.4800976667,32042.0608076667,40369.0049576667,38114.3508276667,28200.9532376667,24301.6568076667,29802.4758276667,29255.8107876667,28865.8378676667,28143.1085076667,36656.1438376667,34142.6168176667,29037.5345776667,27673.0883476667,31977.3389276667,35901.7405976667,23253.9630076667,19561.6932076667,30723.6604376667,36663.4519976667,35900.9190676667,28205.6737276667,45396.9510476667,34946.1851876667,22711.0858576667,28301.3587576667,30265.2397676667,43588.1557776667,28949.2124176667,32301.4604076667,32125.4885776667,38197.2367876667,27015.7631176667,30274.1668976667,30274.1668976667,30274.1668976667,0,0,0,0
"A2ANZ2","3110043O21Rik","MCG141727, isoform CRA_b OS=Mus musculus GN=3110043O21Rik PE=4 SV=1",141129.969,1588801.382,1455222.751,1349102.714,1143654.006,1529198.993,1384611.905,1367692.021,1537375.928,1494157.722,1034005.09,1256039.466,1483045.622,1682772.986,1356821.767,1495249.069,1202350.306,1406491.481,1250596.445,1092722.03,1213978.454,1440817.671,1405125.519,1359207.573,1147865.911,1454970.152,1320811.553,1406728.386,1302040.002,1641056.457,1335083.958,1227340.76,1157450.164,1599704.165,1538931.66,1556791.028,1318189.857,1186085.086,1452353.047,1414712.748,1123041.878,1368975.305,1484814.679,1002835.265,1215070.058,1142517.877,1495628.63,1309677.846,1117188.302,1306017.812,1306017.812,1306017.812,0,0,0,0
"Q3U3D8","3110043O21Rik","MCG141727, isoform CRA_a OS=Mus musculus GN=3110043O21Rik PE=2 SV=1",159430.363433333,1736484.04456667,1477074.98656667,1428362.03856667,1256089.07656667,1725008.32856667,1515697.14256667,1464338.17056667,1675040.79856667,1569739.53356667,1128620.11556667,1368495.61356667,1600410.71456667,1879494.91156667,1412762.53756667,1500162.63356667,1319159.19456667,1528160.04056667,1248719.38456667,1170079.25956667,1332782.20856667,1508760.45356667,1580196.79656667,1503423.25156667,1238048.87556667,1617860.43156667,1313921.59756667,1488177.70356667,1397544.01456667,1791886.09956667,1403011.60656667,1332909.58756667,1279821.19756667,1745825.61056667,1613721.41156667,1677420.12556667,1403976.87356667,1313328.13456667,1456323.19656667,1423415.52756667,1217463.28756667,1445581.41756667,1556412.23156667,1070171.39156667,1327686.14656667,1240056.98356667,1599203.48156667,1322641.83656667,1223670.70556667,1419449.56656667,1419449.56656667,1419449.56656667,0,0,0,0
"D3Z566","3632451O06Rik","Protein 3632451O06Rik OS=Mus musculus GN=3632451O06Rik PE=4 SV=1",3852.451562,23785.137478,32318.929838,34950.602028,59120.905718,40785.742038,46164.901428,33406.254808,32255.100538,27362.521918,69024.709628,64442.519898,27435.279578,27578.916138,63274.883688,42517.984208,37846.204468,21810.503468,42690.416628,48663.090738,47970.887798,43703.115788,39110.849898,78089.104868,38926.569768,34516.294878,72116.698598,54148.462728,47959.624288,31888.847488,38831.713188,26192.676998,50900.574998,20758.749048,36267.596678,63729.716268,47525.875188,65305.436038,40402.422978,40755.631458,45772.503028,29286.518078,73274.460428,35413.077848,56133.428608,19138.530498,35790.554728,33605.451388,37301.619018,44271.023578,44271.023578,44271.023578,0,0,0,0
"E9Q1Z0","4732456N10Rik","Protein 4732456N10Rik OS=Mus musculus GN=4732456N10Rik PE=3 SV=1",861871.9732,-493227.8909,252147.3738,211658.2908,-250892.4952,-446495.7996,63155.0895,-500435.2109,-473048.8493,-208147.4207,-393595.3582,67075.9272,-461714.712,-498110.0083,254950.5348,631941.4968,-517376.2462,-476103.4876,483212.1938,-526605.9143,-564691.7991,-339434.7987,-273302.6814,2574328.6738,-309590.2903,-289448.005,331554.5378,-78368.7055,-362046.6772,504661.2118,-90875.9916,-331870.7402,-490169.5115,-452372.5046,-482519.5046,733981.8208,-529829.5982,-451600.2571,83297.4786,9873118.0168,-551996.4426,-457849.4416,265625.0478,-412173.4052,1068013.6148,-306364.0278,-468586.7803,348122.5508,-490819.1497,-93329.4784,-93329.4784,-93329.4784,1,1,1,32
"D3Z5T8","4930407I10Rik","Protein 4930407I10Rik OS=Mus musculus GN=4930407I10Rik PE=4 SV=2",21371.3539733333,18655.4923166667,6994.30301666666,8792.35779666667,15612.0943366667,6182.05887666667,16355.3121366667,13230.8958966667,14689.0623366667,5407.54509666666,15348.7429166667,8845.33390666667,19734.4368966667,14605.7884466667,5677.93390666667,10742.6214866667,9583.89617666667,5558.79357666667,7537.84419666667,11926.1599066667,15304.1267566667,4489.50381666666,4289.71058666666,13858.8482266667,12656.5394766667,8668.19588666666,13205.9403666667,4098.72897666667,17675.6383066667,7844.37064666667,14930.0836566667,15359.1715666667,20374.8379966667,33301.8825466667,9794.29251666666,8365.75155666667,10004.4670966667,2990.72130666667,3294.91467666667,6594.37769666667,32769.8145166667,2541.68185666667,13120.6728966667,11508.2849366667,18251.6855066667,9350.77517666667,12139.8613666667,8892.56272666667,24644.2119266667,13275.9288466667,13275.9288466667,13275.9288466667,0,0,0,0
"Q8C5X1","4931406P16Rik","Protein 4931406P16Rik OS=Mus musculus GN=4931406P16Rik PE=1 SV=1",26176.42296,-14839.03037,-11688.31934,-10828.4314,-10356.28266,-16103.22443,-9808.4434,-14140.67499,-7279.07679,-15739.77303,-12936.39675,-11969.31382,-12320.05751,-15107.15856,-10415.728,-13804.71101,-11334.06289,-14050.83591,-10906.45923,-12110.70059,-12400.2539,-8450.98362,-15914.73655,-12997.57114,-12563.10106,-12910.99084,-14314.00615,-12706.21817,-13607.37011,-15511.53293,-12552.01644,-10604.55732,-11496.73553,-15970.04361,-15913.22069,-11799.66953,-12804.48912,-14884.65533,-12326.00338,-11342.0762,-13532.42718,-15381.0625,-9940.25818,-11350.14159,-12812.93592,-14095.31015,-16080.29459,-10916.88059,-12444.01136,-12420.92012,-12420.92012,-12420.92012,1,1,1,48
"F6RPM4","4932438A13Rik","Protein 4932438A13Rik (Fragment) OS=Mus musculus GN=4932438A13Rik PE=1 SV=1",10972.9780463333,56991.3919636667,52821.8186236667,59240.1898636667,62878.9135736667,59131.6871736667,69232.6335736667,59108.0694336667,69960.3331436667,67869.4330136667,64707.2498536667,68208.1862936667,59499.4119136667,61884.2871236667,61267.6768736667,59541.1490536667,65207.9976436667,61237.0636136667,53037.9083436667,72216.0031836667,63651.9930836667,68319.7235936667,67651.8187036667,59311.9473336667,72545.4911736667,61631.3702836667,60296.3663136667,63499.4061636667,71535.2811636667,69759.0322536667,57734.8543936667,65789.3471136667,58455.2562836667,49241.4505236667,64898.3222236667,61532.1126436667,65600.3026836667,67818.0658536667,53086.9217836667,58624.8701136667,57078.6042036667,67291.8761636667,61299.9296036667,66075.4810636667,64162.3992836667,67981.1861236667,63090.4936836667,59462.9945736667,60806.8722636667,60543.7690536667,60543.7690536667,60543.7690536667,0,0,0,0
"D6RI50","4932438A13Rik","Protein 4932438A13Rik OS=Mus musculus GN=4932438A13Rik PE=4 SV=1",5795.044711,30469.569909,21666.180789,21662.463759,34298.705859,32606.519529,29917.669379,30853.492269,32465.851019,34388.155429,32802.940559,30975.001769,31869.720119,30472.305179,25580.282969,23955.965949,32555.578819,35548.386529,23130.450109,34573.107459,32763.835499,32802.801789,36632.244019,29138.701209,33719.276119,35769.742779,24913.364679,25948.232449,36759.352789,36859.772349,20774.713979,34725.984219,30236.190189,25068.530939,31928.487169,27899.769119,32018.853429,37068.517499,22157.733489,27719.283479,28332.768459,33035.657449,30279.984989,34934.237519,33207.515569,39276.475019,32105.768799,26328.082199,33973.397109,30604.911839,30604.911839,30604.911839,0,0,0,0
"H7BX33","4933434E20Rik","Protein 4933434E20Rik OS=Mus musculus GN=4933434E20Rik PE=4 SV=1",4886.798647,38917.029923,49043.721483,46432.348383,33692.964723,33679.671793,45027.377503,40557.865003,33053.439403,44818.478063,50036.713683,46616.032633,30098.043673,37698.219773,53072.106623,49443.321653,33328.167663,45246.785203,49074.650853,39102.721683,32350.453983,41943.264293,43470.896843,41469.885283,36220.064393,42872.977643,48165.228243,47681.359363,35125.466743,44217.817743,43611.432383,34226.729983,31572.125493,34558.542383,47926.268343,43007.337843,37619.601993,42055.885103,50447.509703,43784.622233,31823.583453,40861.423743,47747.802533,40043.399833,35285.300833,41817.467973,41720.720863,39322.380993,27476.510043,43434.690773,43434.690773,43434.690773,0,0,0,0
"B1APX2","5031439G07Rik","Protein 5031439G07Rik OS=Mus musculus GN=5031439G07Rik PE=1 SV=1",8697.30911033333,54858.5309396667,55707.9434596667,63458.0641196667,52560.6409896667,56486.6991396667,62715.2630496667,63172.5068996667,59060.9070296667,58367.5995496667,45648.1443596667,66150.5700096667,47523.2872196667,71093.5050396667,61417.7984396667,59488.3181096667,63008.2957596667,75038.1486196667,62808.5398196667,66605.8706596667,56179.6044896667,65024.9222196667,64989.7332096667,63761.7989696667,72152.0103796667,61110.7943096667,55495.3094096667,60910.2243596667,53600.8014696667,57202.0169696667,62817.3474896667,65295.7640296667,48014.5177996667,43038.0382496667,59383.4912596667,65721.3976996667,64778.8349596667,66064.0921796667,56980.7021296667,62673.2674396667,54121.8134996667,63302.3543396667,64106.7164196667,61989.4866396667,66188.1657196667,71251.0247196667,75994.0023196667,93880.6599896667,68055.8633196667,62820.9059296667,62820.9059296667,62820.9059296667,0,0,0,0
"J3KMQ6","5730455P16Rik","Protein 5730455P16Rik OS=Mus musculus GN=5730455P16Rik PE=4 SV=1",13014.8398923333,56970.4249776667,34281.5615676667,36701.1175076667,59115.1032576667,47544.1231876667,50776.8547076667,43749.4921476667,63479.2465576667,58860.7820476667,46062.9469676667,44698.5012976667,65898.3898976667,64229.5829576667,43331.2514676667,54694.9725876667,34481.3468776667,47853.2481476667,47850.1335076667,44242.2613476667,49581.7040376667,60581.3433176667,47300.9953976667,42705.5189276667,48729.9464076667,49325.8803676667,42235.0846676667,46623.0530776667,48451.6835076667,48663.8925576667,51047.2188676667,54509.7814876667,56321.3686176667,83493.3216376667,55941.4133376667,62826.9548976667,53082.9344076667,54183.5761876667,56813.9356676667,48099.6709776667,60168.4035476667,49580.5386976667,50525.1803976667,46729.2587376667,51640.8702876667,45005.3124476667,58681.2836676667,65180.0894676667,40672.2661576667,50308.2396876667,50308.2396876667,50308.2396876667,0,0,0,0
"J3QP43","6330403A02Rik","Protein 6330403A02Rik OS=Mus musculus GN=6330403A02Rik PE=4 SV=1",5465.55120833333,33387.8787216667,53344.6956616667,39770.0093816667,35731.0194516667,30377.5046516667,38110.1381616667,39661.6850616667,38291.4218316667,36185.9376116667,42900.7045116667,39763.8247216667,33217.5872816667,32779.7441616667,48148.7496116667,44677.6459416667,44807.8667116667,39908.9854316667,54663.4071116667,48229.7865416667,38031.9520316667,39561.4193616667,33197.4892616667,42923.0572016667,39746.1509416667,29846.0865216667,41845.1364016667,42599.9894616667,37438.2248416667,29742.6111216667,41801.3980316667,36976.8117916667,34399.7066416667,29353.5340416667,37462.6584016667,39301.2005716667,43871.4063716667,33429.2012716667,46957.3275616667,51987.4969516667,33616.1218116667,33462.0802716667,46201.5473516667,51522.2806116667,41790.2753316667,31763.9001016667,37284.0263516667,45515.8468416667,37886.1948016667,39510.0698016667,39510.0698016667,39510.0698016667,0,0,0,0
"Q3TA40","6430548M08Rik","Protein 6430548M08Rik OS=Mus musculus GN=6430548M08Rik PE=2 SV=1",43638.6473433333,266114.529656667,254646.230056667,178223.814356667,218376.708356667,192818.533656667,175621.205356667,215001.319956667,202600.634856667,191251.894756667,231223.576656667,205182.892556667,270453.509756667,220329.397556667,189470.476256667,228851.996256667,172129.863656667,210762.226756667,234894.770456667,198897.148756667,212677.522356667,226334.471756667,207962.999356667,197991.441956667,173745.618856667,173928.368456667,244179.997456667,167674.991756667,225606.876956667,200463.001856667,204908.141456667,199194.937456667,218834.143756667,275668.701756667,212507.020256667,215083.022056667,215778.052156667,222332.445256667,207500.458856667,228202.374556667,271552.063756667,163074.924656667,194197.934756667,191090.964756667,249125.571856667,179654.452856667,212060.306556667,258038.664256667,242450.546356667,208452.850956667,208452.850956667,208452.850956667,0,0,0,0
"Q0VAW6","8030462N17Rik","Protein 8030462N17Rik OS=Mus musculus GN=8030462N17Rik PE=2 SV=1",5290.485957,4009.043878,11149.208793,10324.978283,7596.160663,3269.488207,7912.708813,9846.175043,8257.574083,3518.022013,8559.711333,10057.437983,9417.387633,6179.396573,12163.130263,17148.517563,9008.148793,5578.749843,21728.390283,11730.664473,19210.643153,9208.981843,9459.613233,9160.992053,11245.319613,5287.878643,10769.094733,8978.746383,11699.960173,5254.533353,8631.703113,16435.339043,8443.984883,5671.085153,10067.328733,10693.734023,18279.511133,8120.470013,14781.089653,12605.714423,11430.109553,5109.223613,10471.446183,14098.125773,14102.014343,7374.383373,7717.540223,12763.260103,8301.132073,10047.849233,10047.849233,10047.849233,0,0,0,0
"I1E4X5","9030624J02Rik","Protein 9030624J02Rik OS=Mus musculus GN=9030624J02Rik PE=4 SV=1",18301.2338066667,7838.03981333333,10780.6808233333,2861.56106333333,11811.6276833333,7606.99564333333,11259.3744933333,7553.15833333333,17280.5811933333,7626.34314333333,7472.03813333333,6286.48030333333,33842.5563233333,5340.70052333333,5312.71014333333,5515.29090333333,5657.42108333333,6415.75867333333,6681.03821333333,6690.65525333333,17448.9093033333,5689.91973333333,8053.35341333333,9403.63465333333,9853.56657333333,3786.08329333333,1289.75972333333,5691.66145333333,13712.1018233333,5125.41077333333,11075.3264033333,7123.41285333333,20514.6804733333,10960.9562333333,4475.46553333333,10316.4369133333,3093.55855333333,5129.49243333333,15066.2537633333,8672.55227333333,22623.8027533333,8896.41119333333,6858.64095333333,3063.62671333333,13511.3879533333,4797.25448333333,2984.70027333333,11649.7617733333,21622.8608033333,8627.70684333333,8627.70684333333,8627.70684333333,0,0,0,0
"E9PUJ3","9330182L06Rik","Protein 9330182L06Rik OS=Mus musculus GN=9330182L06Rik PE=4 SV=1",6474.57361,23905.04537,33165.39091,26985.81002,39358.12372,27046.16026,39205.47432,37192.32015,33566.57453,34247.1048,35132.8684,35351.89527,30972.59994,25922.9491,42515.91883,29866.60533,31625.75268,27129.79383,34509.18397,42324.70892,38534.48715,26261.9817,29424.94988,38128.05224,44769.06573,34138.25937,33658.0046,40129.52906,33773.36307,24563.91441,36834.77051,43074.0104,34333.29577,22598.70035,22165.24844,38090.09042,38460.82898,28218.06656,48685.74869,35303.9677,37038.06624,30454.14282,35298.26777,35694.75765,31714.16382,23525.60893,25917.36618,33470.20376,30058.8348,35397.15774,35397.15774,35397.15774,0,0,0,0
"A2A6U3","A2A6U3","Septin-9 OS=Mus musculus GN=Sept9 PE=1 SV=1",11288.2040033333,35476.0012766667,34730.6149366667,32038.2673766667,35253.6560366667,32686.3261866667,31564.2998466667,35569.5406666667,30152.9608166667,34810.5760366667,31539.5140766667,29454.1617566667,33742.9793366667,33816.6761166667,30794.1333166667,28890.3520266667,42076.4920766667,39247.5235766667,26701.3345166667,33141.9994566667,31960.5664866667,41513.1780566667,33030.2127566667,29528.7624266667,38595.1812466667,32731.6219366667,30532.8058666667,30848.1195466667,33391.7875066667,33213.5402466667,31126.5948066667,31343.5107666667,35051.3271366667,33216.6346666667,36952.7763566667,31011.3530166667,29750.0518766667,35273.6784766667,30063.2595666667,30365.3756266667,37407.1291066667,29220.8613566667,27247.8790566667,29818.7443866667,36627.3936266667,35001.3662666667,32827.8793466667,32556.1945766667,41275.3131466667,31980.5074766667,31980.5074766667,31980.5074766667,0,0,0,0
"E9QLA8","A830010M20Rik","Protein A830010M20Rik OS=Mus musculus GN=A830010M20Rik PE=4 SV=1",34529.84646,37297.21628,33028.43906,43966.42074,37589.41975,34885.34934,37493.96802,29495.77252,34860.63973,25611.96434,36554.82847,39498.45756,71154.60184,34948.06606,33016.33818,30716.78429,44175.95019,31329.51523,26319.15299,32477.62281,38362.40419,30888.06366,30637.02351,33784.44574,35376.48768,35380.11652,36907.92867,33818.90157,34306.10343,28623.0521,35045.10585,36974.18477,66095.08394,59503.69245,31692.00589,27542.60881,30337.29399,32310.29268,31739.18407,29313.27145,70406.20734,33620.09168,36403.23714,33663.19879,33727.4114,34311.35825,24691.46584,33450.61931,35305.14518,39548.43515,39548.43515,39548.43515,0,0,0,0
"G3X9V7","A830010M20Rik","MCG19133, isoform CRA_b OS=Mus musculus GN=A830010M20Rik PE=4 SV=1",34529.84646,37297.21628,33028.43906,43966.42074,37589.41975,34885.34934,37493.96802,29495.77252,34860.63973,25611.96434,36554.82847,39498.45756,71154.60184,34948.06606,33016.33818,30716.78429,44175.95019,31329.51523,26319.15299,32477.62281,38362.40419,30888.06366,30637.02351,33784.44574,35376.48768,35380.11652,36907.92867,33818.90157,34306.10343,28623.0521,35045.10585,36974.18477,66095.08394,59503.69245,31692.00589,27542.60881,30337.29399,32310.29268,31739.18407,29313.27145,70406.20734,33620.09168,36403.23714,33663.19879,33727.4114,34311.35825,24691.46584,33450.61931,35305.14518,39548.43515,39548.43515,39548.43515,0,0,0,0
"Q3UHJ0","Aak1","AP2-associated protein kinase 1 OS=Mus musculus GN=Aak1 PE=1 SV=2",151231.283966667,490553.986233333,354912.573933333,51326.3235333333,395740.345833333,263522.958433333,166977.149533333,195676.924933333,250389.829133333,138542.710933333,293403.530833333,251029.028233333,695013.824333333,366889.239033333,145669.932533333,161798.019733333,53621.7321333333,233439.938133333,170203.495333333,190707.398833333,304490.432633333,247069.224733333,169733.523933333,199736.524733333,242080.955633333,188100.504633333,235374.372433333,151155.812633333,277731.094933333,256543.837633333,317039.290833333,201864.685033333,456153.860433333,638677.254233333,175846.159433333,170164.969333333,111811.539933333,228788.324533333,189547.679833333,222579.758533333,701483.086633333,147037.169433333,199376.452933333,127034.810533333,291453.260833333,287245.740733333,144167.077633333,243661.883133333,418375.111133333,269726.105933333,269726.105933333,269726.105933333,0,0,0,0
"Q8BGQ7","Aars","Alanine--tRNA ligase, cytoplasmic OS=Mus musculus GN=Aars PE=1 SV=1",15699.8233666667,30375.0542833333,44466.5856733333,3641.43687333333,25253.7593233333,17220.3068833333,283.798453333333,17999.4461833333,708.885623333332,4505.83310333333,14278.2937433333,17828.6136133333,12124.6724733333,992.584463333333,11690.8540933333,7732.34010333333,3084.12152333333,23006.9385733333,29493.9347833333,29612.1986033333,42615.9839033333,22743.5872733333,16772.1879433333,14933.3833333333,5710.85900333333,10632.6854533333,21911.9092333333,8599.77319333333,27459.6836633333,23012.3978333333,40605.2189133333,34766.7368933333,7762.46301333333,10833.7058433333,16407.5072833333,6314.40247333333,12048.0117133333,24546.3335033333,17617.3009633333,20243.3677133333,21138.1484533333,13792.7659833333,8123.22689333333,18179.4350133333,29250.5496633333,29222.1672733333,9100.81272333333,17836.9791933333,68483.1234033333,20780.7806033333,20780.7806033333,20780.7806033333,0,0,0,0
"Q80YE4","Aatk","Serine/threonine-protein kinase LMTK1 OS=Mus musculus GN=Aatk PE=1 SV=1",15348.0223633333,55153.7411466667,60235.2185166667,58865.7386966667,69925.7974666667,82031.2098966667,77202.7868366667,71303.9206566667,66947.1009566667,66292.3950766667,88291.8570366667,89945.4746366667,68828.5091066667,62704.6301766667,81439.6990466667,63239.4975266667,65037.9387166667,61091.9293466667,66723.1972766667,84193.7645266667,84190.2040566667,67892.8334066667,75345.9373266667,86680.7445366667,80151.6280166667,70060.4596066667,87057.5073366667,73664.1080066667,68510.1061566667,70793.2253066667,75885.6229966667,73489.9103266667,77334.9327066667,56865.1387466667,72619.7431766667,74718.7483066667,77275.7376366667,82232.1169566667,69562.2459066667,62088.1390266667,81923.5410166667,83003.3957366667,81636.8878566667,88161.1057366667,70933.0147166667,63140.4859466667,71770.9566766667,63543.7438766667,64513.2042366667,71854.5588366667,71854.5588366667,71854.5588366667,0,0,0,0
"P41233","Abca1","ATP-binding cassette sub-family A member 1 OS=Mus musculus GN=Abca1 PE=1 SV=4",10408.0895583333,37793.0165416667,19441.8444616667,31046.4274016667,47741.4366916667,45262.3757916667,44413.5936616667,45457.9627116667,35551.2568016667,65312.1119416667,48990.8306616667,59280.1869516667,34356.6302716667,46275.8674316667,45815.9140516667,42244.9603916667,44336.7839516667,38960.7501016667,34499.6269316667,53067.2437416667,39325.6045216667,45912.7134516667,64132.0498816667,49787.1932716667,46256.3873116667,51491.7896016667,34981.3381816667,49414.0037016667,40823.4747516667,46787.7306116667,48863.3630816667,47979.3665116667,31521.7510816667,35876.0524716667,33927.1365116667,41076.3474616667,38778.5902216667,54815.6717416667,42241.0409316667,27736.9384816667,38666.0541916667,50619.2575216667,48619.4814916667,37755.1631916667,39122.7771916667,43317.1231716667,47745.5885716667,34805.8987316667,32001.9178616667,38309.4617516667,38309.4617516667,38309.4617516667,0,0,0,0
"E9PX95","Abca17","Protein Abca17 OS=Mus musculus GN=Abca17 PE=3 SV=1",5728.94407566667,28320.8050243333,24156.7844043333,28366.8001343333,26791.7378043333,30110.1962343333,33033.9476043333,27610.5524243333,30281.1098643333,25804.7019643333,28031.0888443333,29770.1925443333,26119.9927543333,26165.0859943333,26582.6379343333,28847.9397843333,25975.0782343333,33018.1699543333,24160.8936643333,27858.8812943333,31420.6976443333,25124.1091243333,31341.5944343333,29660.8253943333,29675.5286343333,34299.4514443333,26349.8613443333,28431.7481543333,30458.8855043333,29309.1648343333,25399.1717043333,28339.8878143333,27374.8457443333,22663.1884143333,26633.5676143333,28379.2086343333,30262.5707243333,30137.9317043333,23102.8786243333,28619.3737643333,23895.2410943333,29969.4264343333,32237.6574043333,29233.4571443333,32707.6897143333,29632.3662643333,27032.7394843333,24743.9227143333,27430.6391043333,28947.7966243333,28947.7966243333,28947.7966243333,0,0,0,0
"A2AJ26","Abca2","ATP-binding cassette sub-family A member 2 OS=Mus musculus GN=Abca2 PE=1 SV=1",43664.4163,162100.8981,176944.371,204419.0781,214126.4362,229941.9222,262547.4687,235316.7006,206325.8767,289692.3647,228176.9271,262002.9533,186690.0818,202459.3179,248055.8641,219789.5465,214763.4055,207919.9639,238708.6117,279243.5998,222712.4649,270950.4893,284918.2457,260036.3359,265853.0406,249635.6205,215277.3587,255090.1353,200651.2925,217782.4816,233023.4559,251076.8814,190277.6431,165190.1851,187464.1311,261360.3175,215777.2614,247101.8129,245308.2909,206379.5277,199241.1214,247695.7539,228224.3254,212539.5126,214542.6513,215541.2661,217067.3343,221468.8088,176462.8418,215671.9931,215671.9931,215671.9931,0,0,0,0
"P41234","Abca2","ATP-binding cassette sub-family A member 2 OS=Mus musculus GN=Abca2 PE=1 SV=4",43681.0635466667,161826.007553333,176307.173253333,205352.374953333,213579.214953333,229746.698553333,263155.021953333,234725.866553333,205794.710153333,289884.658453333,228492.436353333,262377.107253333,186199.328953333,201837.481253333,248318.496253333,219415.424153333,214214.873353333,208316.288953333,238727.916253333,278562.357253333,222147.572253333,272953.074153333,285185.672153333,259917.644853333,265199.357853333,250014.735353333,215359.701553333,255222.322053333,200131.805253333,217626.162153333,232940.645553333,250453.610353333,189779.506453333,164296.391153333,187116.822653333,261961.724953333,215226.642553333,247355.794753333,245153.497053333,203932.158753333,198724.536453333,247858.495453333,227983.991353333,211995.557553333,213994.573453333,215216.893253333,217271.259053333,221176.893953333,175993.138053333,215121.590853333,215121.590853333,215121.590853333,0,0,0,0
"Q8R420","Abca3","ATP-binding cassette sub-family A member 3 OS=Mus musculus GN=Abca3 PE=2 SV=3",18968.4573066667,100907.868793333,112487.124793333,110617.078093333,112375.888193333,106337.110293333,122032.326793333,117243.604993333,116937.450893333,105620.019193333,117214.023393333,119270.717793333,107192.828893333,105851.657993333,115011.739593333,119511.320793333,114485.913893333,112266.294593333,116339.563393333,121168.262093333,116643.452593333,81842.2430933333,109469.986493333,115184.858493333,118833.650593333,113220.190193333,117552.498193333,113383.606993333,120029.884093333,107592.537593333,103574.216793333,112102.391993333,105586.557793333,94244.8608933333,104284.317193333,110937.418193333,121443.965593333,106843.625593333,102436.270493333,117133.957593333,99570.4134933333,108439.565193333,124075.609793333,127512.228693333,117032.072593333,106835.468293333,104071.077293333,111094.164493333,117160.200793333,111104.038793333,111104.038793333,111104.038793333,0,0,0,0
"Q8K448","Abca5","ATP-binding cassette sub-family A member 5 OS=Mus musculus GN=Abca5 PE=1 SV=2",46044.19617,287334.14503,304394.53443,330176.72573,358767.46083,321171.90093,427246.18933,377003.18003,354635.19553,350652.93993,390386.81133,450681.06613,306240.18973,332689.75783,396803.97403,359866.24873,370569.13583,338785.98253,366351.66833,434702.75073,388229.29203,253754.58983,356983.98503,407861.49273,380761.76973,338094.97643,393297.44113,346245.16623,337504.15533,340114.58713,326609.26823,334895.77423,319612.99923,296133.14373,327684.79813,374202.72873,364510.72013,337607.42343,299261.91193,315434.30043,319295.43563,331905.54853,366091.05583,371246.64083,313282.51073,297857.93643,300354.26633,295345.70033,260722.01323,346549.34983,346549.34983,346549.34983,0,0,0,0
"Q8K441","Abca6","ATP-binding cassette sub-family A member 6 OS=Mus musculus GN=Abca6 PE=2 SV=2",6474.683045,14314.520765,13602.920645,16463.432535,25319.158625,14414.833425,20569.097875,24807.998415,22502.696245,16803.238405,20497.975945,21334.819655,23000.206925,19248.001785,21427.802875,17132.310145,25834.175415,17348.173075,18751.503725,30465.235005,28863.198585,19011.391345,19660.979475,16874.335705,21733.626925,16395.532615,18195.824815,14106.789865,22000.548655,14415.413465,15984.482885,23942.346275,15974.728925,16371.464545,16311.511065,16052.074595,22941.779215,14427.423875,13878.724235,12191.231545,22304.469855,17683.432595,15640.002505,22575.068855,21493.585035,15990.893295,13945.936435,18084.960785,18120.579855,19208.255245,19208.255245,19208.255245,0,0,0,0
"Q8K440","Abca8b","ATP-binding cassette sub-family A member 8-B OS=Mus musculus GN=Abca8b PE=2 SV=2",9560.67597633333,47912.9702136667,38492.7628136667,39899.8492036667,44225.5326136667,45110.9260036667,47029.0890736667,36896.9183436667,38230.0396336667,55194.5697236667,51611.9684136667,45247.2852836667,38485.5254936667,50794.5659336667,47740.2198736667,41656.1772336667,40216.5017736667,49507.1212336667,39604.2466536667,47360.0652836667,47993.0519236667,47254.2582236667,51377.5233736667,45303.8617736667,49920.4043636667,53038.0258636667,46505.1169236667,41649.9255436667,42035.2858236667,51254.2359336667,45494.6773036667,42868.0437536667,39673.0347636667,46302.5938836667,60869.1467936667,41177.0263236667,45206.9273536667,54596.0732436667,39568.6011636667,44749.9067036667,41134.4275536667,56522.4679736667,47936.0081836667,51926.7265936667,40956.0336636667,53263.1709536667,61438.5775536667,40452.2984136667,38795.0721836667,42453.4982936667,42453.4982936667,42453.4982936667,0,0,0,0
"P21447","Abcb1a","Multidrug resistance protein 1A OS=Mus musculus GN=Abcb1a PE=1 SV=3",2990.132265,17459.785845,12265.210645,15507.363505,17934.254945,22328.053205,18416.916675,18643.287655,13944.716495,17586.263805,26647.449765,20437.825155,14355.943555,20316.089965,18807.605645,14194.572845,15898.034345,17360.020155,15026.534915,20243.213675,23440.534115,21529.073005,20918.696515,16919.678855,19868.242775,22790.371945,18848.314885,14996.713595,14269.372235,25877.489805,15161.288165,20148.825425,16132.524035,18865.610915,32108.938115,12464.191755,17029.843545,22721.820165,13879.713125,13871.920005,16791.909085,26521.293885,19822.080445,19074.074595,12634.888325,18030.826655,19599.118205,12729.211985,13768.100065,19355.073135,19355.073135,19355.073135,0,0,0,0
"P21440","Abcb4","Multidrug resistance protein 3 OS=Mus musculus GN=Abcb4 PE=2 SV=2",2307.977382,18141.940728,11428.928028,12378.059658,18461.825358,23010.208088,21244.093038,19877.344118,17997.168798,18268.418688,27329.604648,18341.070628,17887.973648,20998.244848,15825.675538,13386.336718,18493.915198,18042.175038,13749.258368,19165.730898,24317.896038,22211.227888,21600.851398,16729.463418,21519.346308,23472.526828,18683.784318,16787.933878,17388.974788,26559.644688,15324.299938,20579.192548,15888.601978,19547.765798,32791.092998,13068.512718,17394.101848,23403.975048,12155.315928,10553.227378,18442.545568,27203.448768,18661.540148,18663.437938,16454.992658,18712.981538,20281.273088,11876.167638,16277.672048,20037.228018,20037.228018,20037.228018,0,0,0,0
"Q9JJ59","Abcb9","ATP-binding cassette sub-family B member 9 OS=Mus musculus GN=Abcb9 PE=2 SV=1",4050.56148033333,17950.3187496667,19560.7355796667,17717.6059496667,16393.0907596667,19308.9264096667,20739.8998896667,16868.6249596667,17212.3702796667,17396.8964796667,22424.9658996667,21401.6620396667,15796.5150296667,17840.7526196667,22247.0308596667,16610.0132496667,16854.4993696667,17522.6279296667,17556.1474396667,16912.6335896667,19452.5673896667,22986.9432696667,18589.0534096667,22332.6327196667,17683.1602696667,21603.3583096667,17374.0496696667,20369.3080996667,18491.7436496667,22314.2987296667,22112.2595096667,20275.9441996667,17646.5088796667,17042.6450696667,23353.2586196667,21818.9356396667,17192.7565396667,19558.7010596667,19808.3432996667,18796.8236096667,16526.6718596667,20329.3688696667,15746.6765996667,17797.0618696667,15903.3075896667,17934.7295396667,15982.2300296667,21578.5984896667,16638.8384696667,18393.5174996667,18393.5174996667,18393.5174996667,0,0,0,0
"E9Q236","Abcc4","Protein Abcc4 OS=Mus musculus GN=Abcc4 PE=1 SV=1",15491.6106333333,15035.8690266667,-1183.32062333333,8787.19920666667,6873.43932666667,8690.25830666667,9177.68322666667,4033.57936666667,4898.09426666667,5254.88678666667,11774.0228366667,11032.4007066667,3224.24631666667,14875.0020366667,2788.61378666666,3029.91161666667,6258.19411666667,15829.8951966667,1745.80949666666,6150.45533666667,7324.40857666666,4803.70114666667,7853.65371666667,8668.61560666667,9465.25731666667,16548.3402466667,4161.50515666667,13804.6392566667,9102.11548666667,7681.73906666667,7770.13616666667,7631.98053666667,4308.98619666666,3413.45558666667,8799.26775666667,5785.63700666667,11399.2210866667,11169.4384466667,1154.66556666667,1327.95466666666,9996.54287666667,7922.16575666667,4961.68505666667,9629.40328666667,5096.24089666667,7510.22625666666,11154.8690566667,5128.82580666667,11449.9970366667,9155.03501666666,9155.03501666666,9155.03501666666,0,0,0,1
"Q9R1X5","Abcc5","Multidrug resistance-associated protein 5 OS=Mus musculus GN=Abcc5 PE=1 SV=2",7204.86389,20544.77222,29340.1029,30853.61158,31614.29029,26301.28694,29722.17015,32705.998,28138.62032,24522.79729,30324.26624,34596.45945,28617.97079,22402.44325,34221.14956,27652.12292,30426.69881,24920.03363,29746.56373,39887.90203,36931.36535,24072.56759,29129.97451,33393.22769,36856.76295,26139.87502,27388.78521,36120.861,31766.54814,24255.84128,29593.37953,32181.83218,29704.27478,19368.59742,23878.20934,30646.41553,33379.64365,25719.46253,33092.29776,30896.22492,29799.12697,25330.02651,27636.44862,34551.83537,27251.13372,23180.15997,20057.40997,26620.39398,25208.91237,29479.33011,29479.33011,29479.33011,0,0,0,0
"B2RUS7","Abcc8","ATP-binding cassette, sub-family C (CFTR/MRP), member 8 OS=Mus musculus GN=Abcc8 PE=2 SV=1",6476.201656,8085.304884,11512.743884,5565.454284,8320.750594,3502.677752,7692.906674,8178.912584,8453.759874,9822.399594,12112.078174,9913.745924,6425.782954,10519.257634,7808.213234,7600.561304,4585.199434,7665.186304,8703.480614,6769.718774,5366.564584,7835.893834,6435.649944,9383.464334,10648.769634,8880.658514,7607.769224,7192.997394,8189.920234,3268.224831,9100.746934,7742.383144,3999.172644,7056.498094,8244.711154,7654.782744,6191.213094,8715.190594,9484.285004,9032.003954,6607.143244,4342.187324,9116.792104,7560.183024,5150.055194,9527.174394,7531.778564,6028.711314,8571.610294,10447.221004,10447.221004,10447.221004,0,0,0,0
"P61222","Abce1","ATP-binding cassette sub-family E member 1 OS=Mus musculus GN=Abce1 PE=2 SV=1",25306.762741,45717.355719,14079.104089,21957.223829,34762.701109,25276.206189,29924.344889,31709.809269,8712.070419,21984.999259,21231.187619,16416.460129,20017.913559,25620.738819,21224.631029,44672.861159,12246.997939,45734.025929,22720.540679,18939.443789,28153.699939,54906.338579,27872.536709,22091.112369,6388.908339,15685.135729,13391.545609,14698.051389,30664.437539,33778.807439,53445.538509,20473.922429,20113.388229,25271.832869,29107.635489,28344.323429,8150.578299,32610.015559,17603.281809,17698.536639,29572.573759,19912.401589,26756.223399,9777.508999,40671.579549,36438.208409,25671.763189,21384.717699,60769.181959,21245.303069,21245.303069,21245.303069,0,0,0,0
"Q6P542","Abcf1","ATP-binding cassette sub-family F member 1 OS=Mus musculus GN=Abcf1 PE=1 SV=1",12321.525786,9900.835344,9907.019554,17675.182454,12964.355034,3853.042384,9166.936194,10512.934494,10259.016714,3819.813064,7014.689274,10091.195814,17473.067774,6270.772904,5312.880374,6766.519034,11387.685974,8201.923614,6138.083234,11848.082914,9072.550954,7154.778854,3940.928974,7242.850504,11520.754664,3291.146354,9782.085504,8299.082314,11851.898384,3748.814964,11718.595984,14785.872954,21068.566124,12779.260994,3742.853234,6721.653214,9661.889754,4002.333684,7018.480354,11841.623574,24361.862154,2414.799204,6721.511114,13189.062734,14274.094544,8737.739834,2192.639774,15021.079504,15819.490604,10940.479484,10940.479484,10940.479484,0,0,0,0
"Q99LE6","Abcf2","ATP-binding cassette sub-family F member 2 OS=Mus musculus GN=Abcf2 PE=2 SV=1",5251.05262333333,19158.2639766667,16586.2633966667,6032.35040666667,12348.8883266667,9947.06410666666,6718.73193666667,10597.8708366667,4726.89451566667,7674.14347666667,10969.9667266667,9014.38402666667,23215.1131666667,8831.26838666667,8553.77901666667,12388.9500466667,5513.01254666667,16246.7266766667,7951.29413666667,14166.3663566667,19896.9117966667,17236.7820266667,9654.44144666667,8713.27762666667,7102.61756666667,8569.44951666667,12812.1519166667,11121.9024866667,10631.0595166667,11632.1896066667,15100.1954366667,13717.6594866667,20747.3795266667,17446.0168966667,11854.4801666667,6411.96389666667,7814.29266666667,13629.8703466667,14171.9402366667,11912.6720366667,32968.6354866667,9051.48438666667,6500.90456666667,8957.10808666667,16642.8958766667,13179.2647866667,8432.46666666667,13602.6931366667,18501.1645366667,11901.9269066667,11901.9269066667,11901.9269066667,0,0,0,0
"Q8K268","Abcf3","ATP-binding cassette sub-family F member 3 OS=Mus musculus GN=Abcf3 PE=1 SV=1",9276.26033833333,23067.9753516667,9374.87408166667,-1715.46639933333,9529.69257166667,7906.51650166667,434.793750666666,5019.19876166667,3182.61313166667,6846.32848166667,8995.86954166667,6405.64268166667,17942.8734816667,8586.91239166666,3195.38787166667,3869.88412166667,786.385701666666,17659.9778516667,4996.71027166667,5601.96207166667,11504.7592316667,18251.0195316667,8092.90920166667,3247.42530166667,1978.92681166667,3376.25468166667,6434.94931166667,2569.59547166667,8212.35490166667,9628.05741166666,9435.56922166666,5990.96622166667,15504.9590416667,25144.9693316667,5960.29244166667,3649.92506166667,3167.45728166667,12271.4306716667,3986.87381166667,3974.10132166667,22472.6269316667,3105.24621166667,3523.04591166667,2487.32654166667,11791.2789016667,7286.07461166667,7068.86077166667,8512.88941166667,13787.1196516667,8268.00905166667,8268.00905166667,8268.00905166667,0,0,0,1
"Q64343","Abcg1","ATP-binding cassette sub-family G member 1 OS=Mus musculus GN=Abcg1 PE=1 SV=1",7941.01331566667,15323.4530243333,13976.3570843333,13662.7844843333,18335.9379543333,17469.4656843333,16201.6216543333,24236.3006943333,19643.5537943333,21919.9829743333,16178.9767143333,13526.1924543333,12603.4788543333,15991.7211543333,18134.1393843333,12596.8169743333,21244.2886343333,18454.5978343333,14505.5224643333,16456.3233843333,23302.4125343333,24732.5126543333,28771.0276243333,16270.1560143333,15814.9567843333,18841.0664043333,15746.8445143333,16659.7903343333,31380.2741243333,18695.0569343333,18681.6041843333,20887.1347743333,22101.0248043333,14662.7634443333,20855.6038843333,20263.5324243333,22294.2881043333,18787.7923643333,12761.6347543333,13595.6686743333,16458.5039543333,19985.7212043333,15597.8403343333,23052.4413143333,18722.4559343333,17795.0291243333,20216.7479843333,17325.5619743333,23368.0507543333,18015.2785643333,18015.2785643333,18015.2785643333,0,0,0,0
"Q99LR1","Abhd12","Monoacylglycerol lipase ABHD12 OS=Mus musculus GN=Abhd12 PE=1 SV=2",31826.4307633333,102466.269136667,88176.9311366667,108980.702136667,104175.424936667,99444.0532366667,114984.514136667,95716.1768366667,104500.103836667,109933.351336667,87821.0145366667,106473.239536667,92317.0642366667,107790.547136667,105892.667836667,102059.099736667,89534.6202366667,99267.1403366667,103568.843036667,87470.6310366667,102799.818536667,113139.858136667,97136.2077366667,102954.061836667,101398.247536667,106533.161936667,92781.8100366667,98437.8026366667,95864.8290366667,95004.5536366667,94545.7254366667,86209.4654366667,85111.3916366667,110540.757136667,95973.7768366667,133634.237536667,89459.4031366667,95334.4710366667,88197.8989366667,100732.821536667,92741.6549366667,92322.5919366667,105162.773936667,75640.8151366667,83293.8467366667,88924.0194366667,101448.588636667,108319.835936667,79824.1316366667,95869.5348366667,95869.5348366667,95869.5348366667,0,0,0,0
"Q9Z1Q2","Abhd16a","Abhydrolase domain-containing protein 16A OS=Mus musculus GN=Abhd16a PE=1 SV=3",58738.24778,111025.34912,87409.05362,141985.01212,113490.02642,146378.47802,145448.66802,103447.18512,128431.75202,152928.33422,94447.85692,115277.23142,113534.92012,133454.89452,130439.96282,111570.64432,116380.91872,132791.81622,97425.98892,103214.88502,123631.36282,162216.47492,139858.91482,124135.18822,119820.62392,118289.73062,98913.09892,119153.52852,107973.39812,132436.49232,113651.76002,104125.22562,112983.32962,134303.14462,120001.50272,161782.10312,99512.26892,113047.56542,84558.95352,95694.84422,115304.67492,134469.96892,105737.49892,86856.53702,107780.38452,95254.12052,123807.65142,106497.00022,93504.35022,118365.81372,118365.81372,118365.81372,0,0,0,0
"Q99JW1","Abhd17a","Alpha/beta hydrolase domain-containing protein 17A OS=Mus musculus GN=Abhd17a PE=2 SV=1",26668.2466933333,149423.436406667,191820.756306667,178581.030006667,146132.031806667,145959.277306667,185067.932506667,160662.493606667,144679.746506667,170512.029406667,193104.307206667,184577.104906667,128387.876906667,150395.569106667,203357.822806667,187524.121206667,143651.319006667,175589.807506667,196592.248506667,155960.027206667,140507.306206667,173826.508706667,168110.563006667,166050.924606667,144174.077306667,158574.164106667,183672.517506667,185606.469906667,135984.998606667,156393.988206667,184802.132206667,148482.677906667,125500.833906667,139791.696606667,176656.573906667,183751.644506667,146675.208106667,165041.357106667,188259.870606667,187560.445106667,118942.510006667,157194.217406667,178354.165706667,153885.055206667,142105.617706667,158724.503406667,162273.843106667,178911.413006667,132101.257206667,169902.874406667,169902.874406667,169902.874406667,0,0,0,0
"Q7M759","Abhd17b","Alpha/beta hydrolase domain-containing protein 17B OS=Mus musculus GN=Abhd17b PE=2 SV=1",30608.58598,145856.92352,197120.76162,174773.62752,163943.97502,140842.76562,161945.99312,181757.61882,156052.56672,177337.09652,190403.47802,185211.03312,139542.29572,150479.80832,203479.19092,191336.38592,170100.87412,181449.85072,209449.76272,177737.89012,159181.73732,170518.78612,171324.60262,161153.92692,154201.61652,156269.64882,186428.25532,189512.29042,173639.81972,162280.96172,190892.13132,165068.40052,144535.64732,136365.68852,186789.54612,179013.94032,182616.43182,160093.61342,204137.61842,200233.77702,142428.92612,165739.80492,189762.30542,181652.48162,160087.23482,184519.00352,185781.25252,196127.45292,160263.39112,163591.39632,163591.39632,163591.39632,0,0,0,0
"Q8VCV1","Abhd17c","Alpha/beta hydrolase domain-containing protein 17C OS=Mus musculus GN=Abhd17c PE=2 SV=2",15101.4662,86337.7816,112900.8625,98010.0353,74141.60442,88409.2949,93523.4697,89722.2404,88178.6263,100502.9285,87710.1489,89708.9006,70691.15268,85858.1047,111901.1422,105087.8084,90304.4785,99325.9088,109297.821,90591.8874,82333.78523,100041.952,100045.2688,93027.4877,90012.5366,82322.79037,96212.9867,108615.8959,80006.49071,96057.3301,94782.2069,88617.7477,70203.43464,77517.43385,101595.8736,91538.2882,87182.6172,88971.9197,99051.5239,110314.2967,67077.10103,94391.303,96511.9955,90512.9576,86141.2358,101647.1644,98369.5866,101020.0327,81369.66238,90075.6571,90075.6571,90075.6571,0,0,0,0
"Q8VD66","Abhd4","Abhydrolase domain-containing protein 4 OS=Mus musculus GN=Abhd4 PE=2 SV=1",31959.5962566667,89776.2668433333,71654.3025433333,60821.6739833333,68673.0807433333,77407.3536433333,79816.0234433333,49415.4674333333,78001.1786433333,68427.7874433333,72951.0671433333,70661.1251433333,106967.420143333,112043.366443333,73322.1284433333,98575.3961433333,68394.8682433333,73529.0884433333,100532.869943333,55782.9521333333,73315.3931433333,85983.8091433333,76430.8849433333,72041.3829433333,85538.5915433333,65441.7958633333,59281.5060533333,61385.4044533333,61645.6497133333,72287.2054433333,54453.6013033333,55790.7241433333,75037.1329433333,129721.969043333,79390.6214433333,72630.9262433333,76490.3491433333,62328.3170533333,74094.0375433333,81863.1982433333,89301.3985433333,92019.1025433333,77828.1088433333,87334.9491433333,76824.6973433333,88342.1405433333,111692.024643333,103653.285843333,82807.3314433333,84425.2077433333,84425.2077433333,84425.2077433333,0,0,0,0
"Q8R2Y0","Abhd6","Monoacylglycerol lipase ABHD6 OS=Mus musculus GN=Abhd6 PE=2 SV=1",21464.7584566667,48742.6136033333,67561.2730633333,65772.7916633333,52805.1752433333,68091.7221933333,70765.5778233333,47252.2797233333,55208.6247133333,61568.9394033333,59736.4182133333,55260.2152833333,51950.1438133333,51557.9917233333,74425.3845133333,74251.7153733333,54700.4750233333,58466.7006633333,76273.3855833333,42515.0401133333,52383.7528433333,58710.3820633333,57418.6277733333,58944.5952833333,51382.6532133333,51374.2644033333,72349.2441633333,66334.6187433333,55684.6261433333,68151.9863033333,63687.4014133333,43670.2238333333,48946.5390533333,61601.8183033333,61857.7767033333,75347.9222533333,47675.1613333333,48859.8899033333,62555.7481033333,74345.0070133333,47491.7435433333,55926.1593433333,63435.4573833333,41566.5180733333,45877.9246933333,54236.8383933333,64571.0699333333,66071.8788133333,45644.2752233333,54573.7713233333,54573.7713233333,54573.7713233333,0,0,0,0
"Q8CBW3","Abi1","Abl interactor 1 OS=Mus musculus GN=Abi1 PE=1 SV=3",16914.1605666667,36460.1418533333,40581.8912433333,19855.6311933333,35270.5151033333,24166.0354033333,19674.1334933333,29606.5262233333,23022.2707533333,21847.4508633333,27974.2121833333,21978.3527233333,42286.6564633333,28004.8265133333,23808.5743533333,25082.3921833333,19451.6494233333,32520.3173133333,25865.5097633333,25200.4590433333,29417.8637733333,32625.5071733333,22493.4035533333,22326.0185633333,21084.8494433333,23656.6511333333,31846.3149133333,22118.5421233333,34804.7654133333,26517.7246133333,35185.0948133333,22787.2460733333,35101.6600233333,41700.1730133333,28450.4912733333,24772.5760833333,17701.4559633333,31479.3934733333,22032.0041033333,25785.8978933333,46935.9742733333,22326.4067933333,18596.2928333333,24103.9846233333,33534.8365333333,26643.4703033333,20746.3900133333,31209.8006433333,39181.3051133333,28023.0770733333,28023.0770733333,28023.0770733333,0,0,0,0
"P62484","Abi2","Abl interactor 2 OS=Mus musculus GN=Abi2 PE=2 SV=1",19564.8537366667,54357.4533133333,63433.9593733333,29420.7006233333,43602.0667533333,37440.9411733333,28644.8061033333,35708.7613233333,29380.4265333333,27949.9411933333,38656.7955233333,35723.2019533333,62609.4299433333,37848.0927133333,35982.6819133333,35230.6425033333,26189.3412933333,47827.7934233333,39703.0280433333,39109.9891033333,43282.9951933333,50256.3761833333,32465.4638433333,33467.8657133333,25552.5781633333,34416.8551833333,50372.0544233333,32981.4672633333,40048.8228233333,37003.3164933333,52304.8809533333,33944.3742733333,49296.0106033333,64841.2254833333,37580.6147933333,34864.5996833333,26098.3704333333,44273.4294033333,35580.8143533333,44109.1017833333,67365.7360933333,32330.0561133333,29324.5550233333,30640.1635433333,52405.8911033333,37961.1124633333,27304.5835033333,48991.0351933333,60653.5714533333,41113.0229233333,41113.0229233333,41113.0229233333,0,0,0,0
"A0A087WRS3","Abi2","Abl interactor 2 OS=Mus musculus GN=Abi2 PE=4 SV=1",19564.8537366667,54357.4533133333,63433.9593733333,29420.7006233333,43602.0667533333,37440.9411733333,28644.8061033333,35708.7613233333,29380.4265333333,27949.9411933333,38656.7955233333,35723.2019533333,62609.4299433333,37848.0927133333,35982.6819133333,35230.6425033333,26189.3412933333,47827.7934233333,39703.0280433333,39109.9891033333,43282.9951933333,50256.3761833333,32465.4638433333,33467.8657133333,25552.5781633333,34416.8551833333,50372.0544233333,32981.4672633333,40048.8228233333,37003.3164933333,52304.8809533333,33944.3742733333,49296.0106033333,64841.2254833333,37580.6147933333,34864.5996833333,26098.3704333333,44273.4294033333,35580.8143533333,44109.1017833333,67365.7360933333,32330.0561133333,29324.5550233333,30640.1635433333,52405.8911033333,37961.1124633333,27304.5835033333,48991.0351933333,60653.5714533333,41113.0229233333,41113.0229233333,41113.0229233333,0,0,0,0
"Q4JIM5","Abl2","Abelson tyrosine-protein kinase 2 OS=Mus musculus GN=Abl2 PE=1 SV=1",8601.25482366667,18537.5443363333,14768.5257863333,10609.8302263333,14883.1906563333,13681.8679363333,12062.4757163333,13570.8955363333,9288.46518633333,11939.0970663333,21712.2930563333,15469.9915863333,22656.3365363333,13725.3261563333,15382.3995363333,16162.4378963333,8133.66575633334,14907.7370963333,14476.6219763333,15860.3886663333,20904.2597363333,15957.6436063333,15450.6970163333,13873.0645663333,11887.1573063333,14909.8156863333,18820.8332063333,16671.7446463333,12337.9549063333,13829.6363063333,18316.3784263333,16973.1885663333,28675.7133063333,21944.8803563333,12632.7126763333,10847.4239963333,16426.9224863333,16067.0914763333,12684.8167163333,14012.2478163333,26076.2554363333,13593.5520163333,15428.9190163333,19145.8794163333,14025.9058063333,15054.3906863333,12289.7190863333,17880.4009763333,14485.2654763333,16511.1243463333,16511.1243463333,16511.1243463333,0,0,0,0
"Q5SSL4","Abr","Active breakpoint cluster region-related protein OS=Mus musculus GN=Abr PE=1 SV=1",86354.0830733333,112754.871926667,85950.2731266667,-19613.5846633333,90720.4977266667,32456.1212266667,21867.2562266667,32762.5577266667,63207.9715266667,16888.7569266667,62219.2917266667,40348.2529266667,159380.163426667,72302.1463266667,1698.78782666667,14468.6470266667,-8884.74838333332,63477.8701266667,17831.0723266667,30116.0310266667,82238.6946266667,52259.1604266667,20244.4769266667,20287.2726266667,18878.1770266667,36181.1354266667,27644.2725266667,6437.01012666668,71460.1929266667,27741.1324266667,76901.1695266667,46913.2555266667,124876.545926667,168913.993426667,20396.4971266667,29753.1318266667,12999.9877666667,56864.5581266667,39676.6165266667,38952.6827266667,168556.147926667,18409.3562266667,26102.4131266667,8581.83973666668,89746.6041266667,38855.0757266667,25149.3809266667,65079.7976266667,129101.337026667,55957.7372266667,55957.7372266667,55957.7372266667,0,0,0,2
"Q921H8","Acaa1a","3-ketoacyl-CoA thiolase A, peroxisomal OS=Mus musculus GN=Acaa1a PE=1 SV=1",2948.87480633333,8884.16016366667,9820.10653366667,11436.3605736667,11244.1153736667,9647.63385366667,9899.36333366667,8473.01413366667,9749.29909366667,7898.98880366667,8762.75620366667,14122.1234336667,10312.8659536667,6485.43520366667,18917.0769136667,10736.4801836667,5322.69905766667,6387.71312666667,13684.1100536667,7548.91478366667,11297.4852236667,9306.13310366667,8238.24038366667,14571.0287736667,9228.41389366667,7469.31866366667,14617.6952336667,11837.7244236667,9474.40364366667,7444.94090366667,9742.02711366667,7959.91761366667,8383.76077366667,16527.5319036667,8506.34255366667,13170.6161836667,10083.7150436667,5840.99139566667,12556.9243936667,15375.5249336667,14492.6033036667,8022.13785366667,13396.8796336667,8420.06790366667,8597.62698366667,8812.63012366667,9100.76939366667,11489.5138536667,6808.79499366667,10690.4278936667,10690.4278936667,10690.4278936667,0,0,0,0
"Q5SWU9-2","Acaca","Isoform 2 of Acetyl-CoA carboxylase 1 OS=Mus musculus GN=Acaca",44241.02867,202434.80023,213383.06163,257838.46103,237962.39503,232449.29583,222483.01543,262784.07743,210286.40173,227828.27763,239521.68013,278429.37843,212247.76763,192715.38403,238349.53693,252376.29413,273334.42693,278908.64373,264723.67393,279943.46803,246347.29473,244621.78403,257634.50513,254058.34653,234624.36443,224439.94713,231218.28753,253721.95633,245310.02663,261791.20113,244801.64433,258102.23273,228461.70593,189924.69793,242579.47963,250904.03433,266103.52503,267468.52893,210749.27533,270585.56053,252708.22483,250290.45793,254083.43083,269893.52163,289784.06253,310721.02593,252017.06483,274627.79533,276903.31263,240509.28563,240509.28563,240509.28563,0,0,0,0
"Q5SWU9","Acaca","Acetyl-CoA carboxylase 1 OS=Mus musculus GN=Acaca PE=1 SV=1",44285.1313733333,203970.167926667,212924.156726667,257164.651626667,237761.648126667,231512.170226667,222271.702426667,262692.163326667,210332.448726667,227296.804026667,239742.111926667,277442.804526667,212306.589926667,192973.194026667,237417.130726667,251077.220926667,273058.661626667,278915.883626667,263551.295626667,279739.688426667,245889.823426667,245181.038526667,256404.645326667,253332.149626667,234023.267526667,224260.651026667,230516.990726667,253172.774726667,245030.269526667,261596.538726667,244101.048626667,257846.791726667,228278.890126667,191384.906726667,242030.190926667,249233.476826667,265646.106726667,266829.369226667,209847.798126667,269229.102626667,252544.756126667,250329.043126667,253371.380326667,268981.071126667,289633.900526667,309508.581826667,251439.112826667,273643.216926667,276810.575926667,239797.580826667,239797.580826667,239797.580826667,0,0,0,0
"P50544","Acadvl","Very long-chain specific acyl-CoA dehydrogenase, mitochondrial OS=Mus musculus GN=Acadvl PE=1 SV=3",66912.3892333333,881380.883466667,448047.082866667,234969.256166667,336968.507866667,558369.211866667,513926.914266667,316145.178566667,568473.166466667,401701.485566667,506723.808866667,426949.123666667,855355.539966667,1268510.49576667,391797.209866667,290219.484066667,370807.752566667,373767.569966667,334938.089566667,423860.919766667,429207.300366667,391490.325966667,575483.056066667,425120.905866667,620428.595766667,368543.378166667,430183.665366667,241098.547266667,384840.370666667,620387.196466667,329140.622666667,297792.941166667,562250.578166667,996743.914766667,528320.357766667,300505.976566667,293508.424466667,415765.003666667,237893.365166667,261392.944866667,566554.297266667,606729.589266667,357548.297366667,433245.718266667,327263.302266667,554817.571266667,519433.190066667,253539.376366667,494630.105266667,460509.949066667,460509.949066667,460509.949066667,0,0,0,0
"Q6ZQK5","Acap2","Arf-GAP with coiled-coil, ANK repeat and PH domain-containing protein 2 OS=Mus musculus GN=Acap2 PE=1 SV=2",44369.9742033333,57997.0811966667,73355.1128966667,19561.0648066667,73124.4900966667,52773.9768366667,39572.2722766667,40956.5990066667,52900.9458166667,38441.8676266667,58180.5143966667,55987.8785966667,122840.532796667,58088.6599966667,21928.1275566667,48748.2156066667,12234.7636366667,60973.9228966667,27969.6193566667,41803.4090966667,68687.8336966667,62317.6731966667,57093.6747966667,46659.4080066667,34213.6133266667,55388.3352466667,52621.7044566667,34605.2325566667,52446.1613266667,51600.3803566667,73720.0780966667,42435.9665266667,93392.4930966667,57122.1696966667,58320.0237966667,44136.4064566667,27376.3526166667,59000.0310966667,42756.8525466667,44980.3183066667,131533.623596667,48265.3068466667,42519.0520266667,28615.1215666667,80491.9632966667,45500.7585866667,56138.9442966667,62784.8017966667,91364.0680966667,55982.4735966667,55982.4735966667,55982.4735966667,0,0,0,0
"Q8BMP6","Acbd3","Golgi resident protein GCP60 OS=Mus musculus GN=Acbd3 PE=1 SV=3",6312.10190733333,26485.4029526667,18198.2372526667,11057.8857926667,18981.5268926667,21341.5831426667,12882.3154626667,17386.9467526667,17814.8133126667,19717.3486126667,22212.8329326667,18636.4599626667,24885.7311426667,21537.6491026667,17416.9146026667,21638.9464526667,15630.3164226667,25252.9156326667,16603.8422726667,20613.4202226667,24065.9291926667,23691.1760426667,23128.5686626667,18365.8238526667,18232.6603926667,18008.5009926667,17699.1078526667,14163.3966326667,23069.3091626667,22715.6365826667,20035.7286526667,19973.8166426667,17802.4568526667,27405.1897026667,23288.7019926667,19222.4281726667,20103.3819626667,23427.3903126667,15750.7057626667,18041.1749126667,21815.9844626667,22340.5005126667,17653.2895226667,21085.7793426667,20020.9397026667,23250.3472626667,21812.2646326667,21334.7959226667,20380.5618926667,19900.4511126667,19900.4511126667,19900.4511126667,0,0,0,0
"P09470","Ace","Angiotensin-converting enzyme OS=Mus musculus GN=Ace PE=1 SV=3",8147.455261,36168.478279,42340.271059,41779.879389,45835.834499,43047.865969,50981.082829,45194.986219,46759.315639,45331.733099,56955.894729,56076.912359,46260.260119,47919.482409,55117.581589,47939.773769,45209.590489,44737.646359,53590.019159,55618.686729,48828.152839,44557.804589,51203.528599,48930.436029,57440.403549,42679.262609,49601.302349,44841.318199,40430.709319,43973.726599,41031.583179,45055.574179,45134.204549,42162.316709,48935.288189,46078.080089,48317.863179,45600.127959,41262.107439,46202.787259,44829.302519,48119.073059,46850.200109,50697.293269,46425.753119,45457.025749,44507.452989,38486.781109,41460.497399,46697.089719,46697.089719,46697.089719,0,0,0,0
"P21836","Ache","Acetylcholinesterase OS=Mus musculus GN=Ache PE=1 SV=1",5787.154559,9930.664591,10559.529191,13495.267611,11885.837161,10294.705771,15252.545821,10308.874511,13967.552891,14114.225191,9991.792061,15107.311761,13066.155791,13561.637451,14073.161211,10933.211221,13471.911101,13837.619611,12486.293191,13690.512471,11907.706191,14023.175401,11253.571951,11377.857321,14063.739111,12240.832961,11195.387011,12164.667431,12494.391141,13623.942651,12806.008591,12639.263591,10437.612971,13699.095041,11152.389851,15119.689071,12357.076071,11513.731791,11839.143271,11232.357491,11478.321401,10190.525671,10140.989721,8863.029701,14046.561651,8356.406311,15706.440541,13001.259241,10850.227661,12007.040771,12007.040771,12007.040771,0,0,0,0
"Q9JIX8","Acin1","Apoptotic chromatin condensation inducer in the nucleus OS=Mus musculus GN=Acin1 PE=1 SV=3",16706.6509366667,62262.6405333333,28646.2530933333,92264.7648633333,52211.0206733333,47561.4394433333,39121.8721833333,28060.5153933333,57094.9703933333,37229.9886733333,46474.5288333333,32583.2017133333,50172.4382033333,45171.5311233333,27931.1043233333,48916.3251733333,70012.9322733333,43828.2831933333,24720.9543233333,36324.0551933333,38682.6565333333,40636.1595433333,33562.0022633333,26299.1314633333,45533.8115233333,39554.8071433333,43315.9680233333,23176.8438633333,55985.7511433333,43637.8811533333,31089.2769933333,30016.2603733333,40498.7265233333,53014.3789033333,37550.9658033333,41020.0433133333,23108.3573133333,45729.0983633333,15489.2033333333,35946.2554833333,33364.2841233333,40879.1939233333,51378.1366333333,43548.6537433333,35310.3474833333,42714.0662433333,47875.5372433333,35886.0278233333,29346.6077433333,36833.3837133333,36833.3837133333,36833.3837133333,0,0,0,0
"Q9JIX8-4","Acin1","Isoform 4 of Apoptotic chromatin condensation inducer in the nucleus OS=Mus musculus GN=Acin1",15900.4766266667,63928.5459833333,29220.2624733333,92513.1062733333,52875.3907133333,47505.4241733333,39642.2560733333,28435.6969133333,56495.5863233333,37340.7564533333,47197.4371933333,33137.0575533333,49671.2612633333,46457.5912633333,28508.7746033333,49386.5705233333,67941.5188333333,44454.3935433333,25315.0575933333,37016.0013133333,39906.4292033333,41102.9271633333,34666.8690833333,26885.1559333333,45344.9875933333,40559.2023233333,43814.8820233333,23778.8515533333,56423.0551333333,45070.7170333333,31650.7803433333,30753.8681433333,41321.8227033333,53617.8191833333,38619.3316933333,41530.7103233333,24520.4256833333,46999.5103033333,16130.5646433333,36482.8955933333,33812.2671733333,42057.7258633333,51835.7797933333,43131.4342233333,36453.0151133333,43891.6924733333,48054.6080233333,36422.9762433333,30533.8635933333,37365.4825533333,37365.4825533333,37365.4825533333,0,0,0,0
"Q91V92","Acly","ATP-citrate synthase OS=Mus musculus GN=Acly PE=1 SV=1",42543.9544433333,45358.3674966667,62572.8106566667,18735.5368266667,44621.5292066667,30504.3778566667,19879.6502866667,37594.2520466667,26727.1707166667,10351.8393866667,26825.2080866667,33485.6192866667,36025.3551966667,12182.7640066667,24689.1443466667,18472.7244766667,26420.8759766667,49203.3769666667,49517.0137666667,42141.6879466667,52737.0812566667,45021.2453966667,26081.8038066667,36888.8725866667,24432.0188266667,24909.7729766667,36788.7569866667,30742.0534466667,40814.7920966667,37076.1186566667,60073.3235566667,45993.9126566667,28048.4004466667,22275.8104066667,31795.2400366667,24379.8629266667,27881.6108966667,39202.4842666667,47496.5022366667,49936.1833066667,46034.2512966667,22393.1918466667,24324.9890066667,34211.3475366667,58514.8851566667,44482.6294266667,17179.5154966667,37347.3903766667,73608.6000566667,36441.5743066667,36441.5743066667,36441.5743066667,0,0,0,0
"Q99KI0","Aco2","Aconitate hydratase, mitochondrial OS=Mus musculus GN=Aco2 PE=1 SV=1",14474.5734556667,25052.5633443333,13428.1815143333,156806.523944333,24766.6729043333,34858.3984343333,17438.9162443333,10978.0936343333,19098.9317543333,46248.0935343333,24668.7891243333,13617.4370343333,28832.0440543333,20784.4973743333,14090.5386843333,28565.9007943333,57024.5179643333,15868.6629043333,13346.7238543333,11769.5491343333,32574.5271543333,32011.1489143333,20994.2763743333,28262.0460943333,41880.3755343333,24875.3513943333,16240.4535843333,15107.1508043333,27636.6553643333,22493.9016543333,17411.1235743333,38164.3039543333,24113.4362043333,60970.2614843333,28748.4243243333,20939.5116743333,8080.45313433333,17942.1348243333,13779.0131343333,13256.0911043333,68211.9700443333,21508.6618743333,37610.2176543333,8775.38570433333,15035.7871143333,23713.9102143333,26581.4022543333,20840.8681043333,20422.0453543333,24993.2547143333,24993.2547143333,24993.2547143333,0,0,0,0
"Q8VHQ9","Acot11","Acyl-coenzyme A thioesterase 11 OS=Mus musculus GN=Acot11 PE=2 SV=1",124479.428406667,807410.337693333,859958.671293333,741996.895593333,583512.142193333,1294845.22759333,757926.689993333,812616.404293333,873645.952693333,753849.830393333,800859.314693333,678759.019393333,650766.792893333,903425.412593333,802502.632093333,990836.414593333,699907.379793333,1084192.90959333,963234.502593333,705987.872093333,972444.811593333,1057955.55059333,1165478.67759333,898022.472593333,750838.391793333,951295.977593333,878636.082593333,849151.483093333,867564.808493333,1035778.13759333,799807.398193333,957497.274593333,738919.741993333,743931.955293333,944701.761593333,915179.093593333,1089092.40159333,897496.999593333,808284.070493333,813599.152393333,738438.004993333,1129509.05959333,991693.489593333,958710.140593333,956924.005593333,1105382.95859333,1272494.82059333,1399687.02159333,1033603.02959333,885491.779593333,885491.779593333,885491.779593333,0,0,0,0
"Q91V12","Acot7","Cytosolic acyl coenzyme A thioester hydrolase OS=Mus musculus GN=Acot7 PE=1 SV=2",16526.203504,73657.795096,54705.997146,20109.896036,28522.855036,24887.552326,16341.337166,23848.802656,6587.730346,10738.193776,22432.504626,23793.496416,20447.069876,15291.261436,28789.599746,29687.160236,1840.105406,35371.587186,45295.465626,22516.068816,19259.391466,46927.075026,27923.253856,23735.815736,7135.487956,22120.207276,45583.718216,20852.239376,17911.034306,34738.169646,51755.624396,13366.401856,16030.634896,20502.114386,42749.227536,32203.637716,13020.473286,33710.871736,27051.460746,40147.292216,39930.328306,20674.631146,26832.325656,14847.850876,24474.140676,42849.450946,20500.294536,32952.892746,45914.074706,26418.086916,26418.086916,26418.086916,0,0,0,0
"P24638","Acp2","Lysosomal acid phosphatase OS=Mus musculus GN=Acp2 PE=2 SV=2",15651.8828066667,60757.1018933333,75783.0378633333,63426.2160333333,68064.4445433333,81934.0596933333,78016.1089433333,68006.7640333333,58536.5083633333,101921.470093333,78321.0948833333,75066.0452333333,63761.0388233333,72463.4039633333,81316.7438433333,65332.9763133333,64130.2565733333,72630.1711633333,70189.8462833333,70066.7156433333,73347.7493633333,91212.1440933333,88060.1410933333,87416.9397933333,76162.7579733333,83376.2041633333,70251.7648433333,88940.6398933333,60769.8138433333,80763.2664433333,75461.0909833333,67503.0906333333,62896.0437033333,59336.3705633333,59689.6040233333,98130.2776933333,75912.4304333333,82399.3529033333,90657.4932933333,72946.3022333333,56521.7120033333,84034.7929633333,66051.2431233333,59771.0007733333,64868.3986533333,62339.8534933333,76061.7096833333,79357.7411633333,61267.6137333333,70428.6391333333,70428.6391333333,70428.6391333333,0,0,0,0
"Q3V140","Acrbp","Acrosin-binding protein OS=Mus musculus GN=Acrbp PE=2 SV=1",13068.6195,54713.21295,21849.95415,1593.98604,40848.05469,34893.34857,13864.25856,14018.30339,28563.44892,25469.18012,43031.07361,15164.10784,56748.32364,48874.12697,1191.91159,11364.36648,2768.50525,36321.21929,11007.83022,18838.79149,33456.15646,33287.97176,27554.02565,8496.49594,16076.2167,33897.26321,11380.64028,7685.86263,21437.51798,21066.57761,19077.62119,16943.90903,48348.37941,86262.25229,18842.26176,10321.57644,7691.2756,32046.79896,7698.95063,11497.25166,62938.28257,24261.17376,16237.64678,10806.17964,28827.19075,24629.01644,25648.32791,20336.90674,34580.90467,25094.64519,25094.64519,25094.64519,0,0,0,0
"D3Z2G8","Acsbg1","Long-chain-fatty-acid--CoA ligase ACSBG1 (Fragment) OS=Mus musculus GN=Acsbg1 PE=1 SV=1",31560.74339,161264.15401,250538.21701,213209.18191,215555.67801,269558.54611,182635.18811,283770.42261,178459.20621,216903.04821,215176.85041,238248.09061,176002.54261,173407.65371,257771.14591,262067.23221,263961.85561,245495.31731,249787.51791,281655.31541,238056.62651,250740.69631,241940.84681,259601.58591,229840.61091,248184.49031,223760.24531,236752.13121,237259.21011,222314.82791,227079.27781,268791.96211,210576.88191,126332.31631,221614.53911,235744.22241,294511.57141,248143.72521,295659.24311,229309.36571,213682.51091,262036.14101,258410.41721,338838.65081,276269.57771,269228.94771,266527.85521,325923.25161,294581.80761,240636.18871,240636.18871,240636.18871,0,0,0,0
"Q99PU5","Acsbg1","Long-chain-fatty-acid--CoA ligase ACSBG1 OS=Mus musculus GN=Acsbg1 PE=1 SV=1",488143.987766667,2613071.85923333,3544052.65023333,2982903.88323333,2713360.83323333,4924227.48023333,2577035.95923333,3372670.90823333,2491299.94823333,3911013.09223333,3149948.73123333,3374429.56823333,2451061.72923333,2702571.50423333,3591253.94523333,3522611.44723333,3467603.35823333,3855523.37523333,3191108.09823333,3354125.36323333,3441761.79323333,4006017.25523333,4347627.05923333,4204949.15423333,2864590.06423333,3911436.03323333,3014482.38823333,3342620.52523333,3224227.59023333,3904219.57923333,3420710.08423333,3634618.33923333,3041841.14523333,2300297.60923333,3457778.76123333,3822626.31723333,3716652.33723333,3898737.33423333,3738599.59623333,2983150.58623333,2957760.26923333,4754986.11623333,3464558.66423333,3509758.53423333,4068440.20023333,4506065.63423333,4642178.28523333,4665810.65423333,4221475.27323333,3304072.56623333,3304072.56623333,3304072.56623333,0,0,0,0
"P41216","Acsl1","Long-chain-fatty-acid--CoA ligase 1 OS=Mus musculus GN=Acsl1 PE=1 SV=2",79872.4739833333,720873.808516667,1112850.26301667,503536.204516667,459798.653616667,808755.470516667,409242.507716667,711537.905916667,388610.054416667,935311.828016667,573258.689616667,644662.195516667,400151.521516667,481207.711816667,582153.381416667,381854.900616667,585328.189616667,889162.622916667,476947.125816667,657613.066216667,509602.317816667,546461.567016667,909049.355316667,753896.544416667,461502.238916667,716454.363316667,447859.095216667,792078.914116667,775646.876316667,900479.742916667,600698.761916667,839964.212416667,545546.127816667,395673.537416667,640373.116116667,544684.956116667,619318.247716667,741573.428716667,481768.922316667,519371.195916667,531862.366416667,639331.010016667,462648.706016667,483650.887016667,719393.929416667,786624.711716667,826714.749716667,495739.746516667,1015515.13101667,599587.666316667,599587.666316667,599587.666316667,0,0,0,0
"Q9CZW4","Acsl3","Long-chain-fatty-acid--CoA ligase 3 OS=Mus musculus GN=Acsl3 PE=1 SV=2",20364.1390833333,85001.4328166667,59676.1335866667,55727.9342066667,62947.6149666667,78600.4144266667,88796.3369166667,49878.5384966667,94432.0891166667,77199.4157566667,76435.0990866667,51377.7925566667,82947.8131166667,94372.2721166667,49239.1315666667,57760.7114666667,60798.3509566667,57450.0347966667,43741.7102266667,51174.4589766667,73537.5284666667,74612.7313166667,71311.4498566667,58991.1887866667,77172.4860166667,68554.4349566667,52281.7800366667,48764.0692166667,65978.8397666667,67975.9439266667,43315.0659266667,54434.8615466667,69196.0604766667,95043.6130166667,50403.4817066667,67353.1058366667,47429.7314666667,61776.7290666667,40168.7394466667,51867.4944166667,68167.0030166667,64763.5284166667,63347.4744066667,45091.6214666667,52414.7760366667,55310.4744766667,74152.1593466667,55962.8118566667,65407.8681266667,62590.7146966667,62590.7146966667,62590.7146966667,0,0,0,0
"Q9QUJ7","Acsl4","Long-chain-fatty-acid--CoA ligase 4 OS=Mus musculus GN=Acsl4 PE=2 SV=2",10369.0583843333,48719.9104856667,36917.9088656667,27956.0229056667,33196.6684456667,40695.1950456667,43576.8562056667,28213.1968056667,47209.9168656667,38597.8983756667,39526.9731956667,26362.3304056667,40432.1409056667,48411.5410656667,27382.4637256667,31588.0261056667,29203.8157356667,38066.3732656667,26296.6934956667,25401.3009856667,36825.3584256667,43968.3016156667,36432.4584456667,30628.2441256667,36496.0199656667,40884.7094656667,28240.4872456667,26645.0601156667,37212.0058856667,39949.5299156667,24680.8100956667,34815.8274356667,35429.8856256667,46152.8522456667,33516.8891356667,36583.9111656667,27778.3408556667,35082.3799856667,24949.6700656667,27014.3485356667,38620.5863556667,40037.8230056667,31804.2134356667,23593.3755756667,29409.3109756667,34881.3068656667,40859.4631256667,34748.1259156667,38743.3235056667,32686.2422956667,32686.2422956667,32686.2422956667,0,0,0,0
"Q8JZR0","Acsl5","Long-chain-fatty-acid--CoA ligase 5 OS=Mus musculus GN=Acsl5 PE=1 SV=1",21882.3477633333,110486.438736667,156354.672936667,98130.4963366667,92154.1235366667,130309.983036667,87165.7367366667,119376.123136667,86591.6849366667,154260.123836667,96493.1106366667,106061.365236667,84437.9258366667,91945.8144366667,105357.318436667,83399.9098366667,107327.952436667,126382.125636667,92219.0151366667,107134.618636667,102485.381136667,107134.845636667,135763.895336667,119457.724736667,94854.6636366667,111404.718836667,87620.8923366667,120514.678236667,133053.669436667,129951.547836667,99091.9176366667,138141.959836667,102003.448136667,83471.9652366667,113211.812736667,117356.416336667,114446.069236667,111342.964336667,92175.4166366667,101349.212136667,102453.757336667,105164.402036667,88792.3272366667,90893.1530366667,114021.562036667,125161.929136667,130139.379436667,103735.343236667,146393.879836667,106532.285136667,106532.285136667,106532.285136667,0,0,0,0
"Q91WC3","Acsl6","Long-chain-fatty-acid--CoA ligase 6 OS=Mus musculus GN=Acsl6 PE=2 SV=1",70930.48094,240558.19036,186527.74686,220837.90306,199312.09246,294413.16226,247793.66216,181528.91176,248663.17786,273684.62836,216023.50506,206608.59806,206057.25696,272397.04686,210024.80756,192512.91466,219886.41066,262152.32246,164762.00456,183590.44566,225327.42706,287686.64806,274580.92006,212526.60826,210146.63806,269941.95326,171574.87456,181846.62886,219174.45986,250390.91706,187650.86346,208655.21076,204075.83156,275677.69936,224123.66156,281848.51656,165458.13806,256469.03186,157395.99296,164659.09086,203207.70636,244841.68086,200792.52066,133302.05506,200119.52356,232085.77656,270488.81086,219237.95816,195782.03386,202744.59836,202744.59836,202744.59836,0,0,0,0
"B1ARG5","Acsl6","Long-chain-fatty-acid--CoA ligase 6 (Fragment) OS=Mus musculus GN=Acsl6 PE=4 SV=1",22423.1726033333,79635.5732966667,73789.9859366667,73408.0332666667,70294.9775466667,93252.0980966667,80454.9916966667,65466.7210666667,81480.4146966667,86753.7617966667,71734.3584666667,73925.7805866667,69181.2236466667,86766.1781966667,78228.7409966667,67848.7966766667,76248.9177566667,83938.5981966667,55882.5434166667,64539.4887766667,84902.1386966667,94898.8811966667,80682.4896966667,71273.7454366667,71866.4370566667,87220.0324966667,62897.5061066667,63119.5762866667,72327.7623466667,83418.2427966667,66672.3474266667,65713.5815066667,75772.4639266667,86897.1413966667,71177.6728366667,94418.0141966667,54947.2052166667,82380.2483966667,55369.1501366667,57583.9357166667,69561.3519166667,78151.7204966667,72214.9367666667,37944.2909066667,69216.5119966667,69151.7213066667,87122.7369966667,75623.2469566667,66274.3771466667,70829.7932366667,70829.7932366667,70829.7932366667,0,0,0,0
"P68134","Acta1","Actin, alpha skeletal muscle OS=Mus musculus GN=Acta1 PE=1 SV=1",1700271.57766667,8822721.77233333,7316684.16533333,5107355.18233333,7584819.93333333,16944217.2123333,5397240.01833333,7767538.68033333,4033929.46633333,6974412.59233333,17052858.3323333,14245329.8423333,9906493.37233333,11915104.9723333,14928613.4623333,4528492.39633333,5612204.31133333,4147357.38233333,6388844.69933333,10071760.7623333,11978823.4723333,4884078.78933333,12078603.2323333,10169015.4123333,8450313.24233333,6542204.66633333,15313762.7223333,5124685.55533333,4752325.49133333,12202887.4323333,11142509.7423333,3881417.48033333,10590680.3023333,13713743.7723333,10577123.2123333,4138160.89133333,3848033.94433333,11566998.7823333,3280589.47933333,4340395.79933333,15179090.7423333,14078271.0823333,8552016.41233333,9686342.75233333,3475154.97233333,11065795.3723333,9834213.11233333,3973678.18733333,6282051.05133333,9313982.52233333,9313982.52233333,9313982.52233333,0,0,0,0
"P60710","Actb","Actin, cytoplasmic 1 OS=Mus musculus GN=Actb PE=1 SV=1",1703160.119,8767950.101,7211250.749,5110273.544,7620876.467,17153380.591,5501035.617,7705501.099,4012592.523,6998028.902,16852404.511,13870987.241,10019729.961,11835805.571,14307408.001,4630023.477,5646949.943,4202057.248,6334721.602,9916775.341,11961977.771,4858294.978,12224491.581,10263368.131,8402542.721,6488602.602,14471447.121,5240610.022,4827588.09,12299595.531,10886937.391,3982526.224,10634079.811,13858762.031,10583239.871,4208611.244,3823214.45,11465576.721,3357021.574,4413062.962,15237232.391,14254110.301,8623078.371,9398303.641,3534970.943,11048318.871,9869892.991,4094815.223,6357405.191,9181684.901,9181684.901,9181684.901,0,0,0,0
"Q8BFZ3","Actbl2","Beta-actin-like protein 2 OS=Mus musculus GN=Actbl2 PE=1 SV=1",1383344.90443333,7421684.42156667,5571756.77056667,3905421.02856667,6113394.12656667,13896374.8955667,4211856.21356667,6241422.24056667,3168864.90956667,5966917.42956667,13125910.4555667,11194465.6855667,8078048.08856667,9823708.09556667,11448806.5355667,3470177.91356667,4364616.30556667,4142187.81256667,4869103.04556667,7809157.35756667,9571717.62556667,4529865.48256667,10274409.6155667,8126193.64656667,6693904.87756667,5765636.01556667,11550212.2455667,4134473.87056667,3682606.16456667,10241858.9055667,8729029.91556667,3061050.02856667,8643142.52556667,11125164.7655667,8885017.05556667,3337613.64056667,2973892.34756667,9212761.26556667,2538501.73656667,3334310.26356667,12260491.6355667,11574212.3555667,6771913.14956667,7392567.23556667,2780417.86956667,9427192.71556666,8142068.84956667,3139591.89456667,5061898.02756667,7399332.47756667,7399332.47756667,7399332.47756667,0,0,0,0
"P63268","Actg2","Actin, gamma-enteric smooth muscle OS=Mus musculus GN=Actg2 PE=1 SV=1",1699875.409,8834329.571,7332679.521,5108801.375,7623581.003,16994783.881,5390886.335,7790038.788,4007043.51,6972605.453,17138068.021,14340557.381,10000454.481,11961474.911,15067055.801,4492972.65,5607890.432,4121118.322,6398206.991,10163382.881,12095807.341,4846485.624,12114774.841,10149350.471,8512718.551,6504070.716,15391276.911,5104289.331,4735737.865,12185061.471,11231379.341,3878436.061,10662597.161,13777446.001,10586905.211,4123393.939,3822513.473,11595884.451,3244521.488,4335047.905,15289008.561,14119095.801,8568535.011,9737006.091,3451445.046,11078409.771,9823027.861,3951786.827,6280328.567,9338234.231,9338234.231,9338234.231,0,0,0,0
"Q7TPR4","Actn1","Alpha-actinin-1 OS=Mus musculus GN=Actn1 PE=1 SV=1",55192.4864166667,205676.289983333,133685.214583333,119504.910183333,228182.367783333,441838.815083333,130519.249283333,131775.127583333,101435.052983333,144425.237983333,356794.633183333,283652.410883333,311987.588483333,294622.611383333,180434.163183333,91618.7050833333,99758.6875833333,94472.4704833333,114310.812083333,173303.903683333,248847.118083333,119773.137683333,211281.741683333,222617.816683333,202198.039283333,138517.106783333,257673.827383333,84830.8902833333,161799.920483333,293898.224683333,228512.839883333,113805.920183333,339165.904783333,473417.243683333,238767.317283333,100660.642883333,69024.7891833333,242403.616683333,80184.4736833333,112273.693583333,433821.859783333,300687.099383333,197273.294483333,184423.010183333,109001.155983333,212108.990483333,236641.492283333,97322.6816833333,162785.779783333,189404.417383333,189404.417383333,189404.417383333,0,0,0,0
"Q9JI91","Actn2","Alpha-actinin-2 OS=Mus musculus GN=Actn2 PE=1 SV=2",12308.5519846667,44175.6207453333,46547.3985353333,35703.9443353333,65447.8418953333,100070.054115333,43545.9358553333,40325.2776653333,35938.2578053333,47204.5453453333,87920.7855153333,87719.6369153333,93558.0007153333,69782.1014053333,54637.4967653333,31673.3257553333,32741.4417353333,33838.2065253333,36678.1064353333,56881.4642053333,84940.8351153333,33954.0104353333,58852.0336153333,67298.9994653333,61882.2127153333,40850.5854653333,72740.8548653333,27523.4931953333,50315.3253453333,61658.2967753333,65183.7369053333,35334.3225653333,98940.5261153333,89605.4739153333,54265.2320953333,30680.4555853333,24999.8462453333,63193.8801953333,27320.8471553333,34283.0546253333,126470.064615333,77648.6089553333,61659.6174253333,60850.9718453333,30254.4166853333,50324.4955153333,55975.4584853333,28624.3198153333,42343.3114753333,56069.9563853333,56069.9563853333,56069.9563853333,0,0,0,0
"E9Q2W9","Actn4","Alpha-actinin-4 (Fragment) OS=Mus musculus GN=Actn4 PE=4 SV=1",20675.2534966667,82426.0945033333,56275.8436433333,42035.2561433333,89705.3570033333,172987.935903333,50983.4661133333,51783.0013633333,47385.7435333333,55705.9744133333,142698.632703333,113361.227203333,109896.230703333,124603.653603333,72434.7050733333,38024.3801133333,38900.6883933333,38808.5748033333,45165.7079633333,66531.5594833333,85053.6407033333,48975.8152233333,86392.6491033333,92688.3987033333,76705.9536033333,53284.9475133333,111335.836903333,31607.2578933333,63934.8541933333,114628.309603333,89598.4845033333,49671.7567933333,114656.996603333,185612.582603333,97199.5607033333,42952.3685233333,30728.0714233333,95841.9428033333,35699.2139633333,56720.9774833333,141371.146703333,120340.114703333,81408.2528033333,70817.1356033333,50380.9088833333,83586.9211033333,94918.6332033333,40324.2586933333,70601.8568833333,74387.2902633333,74387.2902633333,74387.2902633333,0,0,0,0
"P57780","Actn4","Alpha-actinin-4 OS=Mus musculus GN=Actn4 PE=1 SV=1",29761.39527,122898.23423,83662.36033,70306.13303,136617.14593,235319.33223,82214.73923,78263.06273,73094.30993,76898.26543,194841.98453,163068.73083,163223.29383,174995.30413,107047.10963,64018.67999,56719.73293,59731.96465,74381.90633,99839.87733,131412.69323,73245.89963,112309.54473,132904.36753,112831.33323,77921.73213,165754.78803,56423.41695,93593.49623,159003.33373,130520.73593,72939.92713,167106.83043,263144.48513,143039.60463,67705.76645,47273.52018,134591.22823,58207.46227,89487.36843,212726.48653,159796.36713,122931.51903,104844.95413,75365.47463,117840.85453,132786.55763,67649.36575,103469.58713,110820.15763,110820.15763,110820.15763,0,0,0,0
"Q9QZB7","Actr10","Actin-related protein 10 OS=Mus musculus GN=Actr10 PE=1 SV=2",16868.9039896667,28929.8237103333,32368.1857003333,4503.46841033333,24480.3470103333,23281.0929303333,13283.5578303333,20619.4304103333,17599.3256203333,19620.2156803333,19206.4925103333,18839.2197503333,33951.0600203333,23732.3376403333,13121.1066503333,18905.7116403333,12192.7505503333,20486.9154203333,17976.1945103333,17573.1158403333,25813.2287103333,29342.1216203333,20666.2598703333,17241.1264903333,16522.3452303333,15881.7677003333,24296.9624103333,18924.0986603333,17212.8388203333,22665.8667703333,28297.2707603333,14332.1051903333,28226.5813703333,41421.7987703333,21715.6314903333,21153.5007103333,12929.0544703333,18793.4357203333,16304.2811203333,29188.5743303333,37474.4633303333,20838.5027203333,12343.4306803333,11153.9876903333,22981.5384103333,22086.0831603333,22701.6698303333,18580.4715603333,24687.4850503333,22028.2787803333,22028.2787803333,22028.2787803333,0,0,0,0
"P61164","Actr1a","Alpha-centractin OS=Mus musculus GN=Actr1a PE=2 SV=1",50780.41801,101611.10909,90313.07749,47077.60407,70431.29769,77679.01079,46176.37787,53434.06659,46959.9527,45965.95803,63353.59849,70077.09639,101841.58369,73118.42749,70157.59229,49297.98739,29049.57241,74102.52839,59772.93509,47549.38518,72087.60249,83916.89679,63521.47619,61461.58799,33787.93654,48826.94787,69914.44899,48882.70324,51416.28989,61200.54039,81939.34529,50149.36379,81073.63429,154472.64789,61202.53089,59982.30119,32020.96591,66260.69939,49118.27318,68618.14129,121278.45839,54649.73849,48526.39671,34757.95859,58857.81619,57396.13939,54120.59279,64445.90569,79161.80509,66222.43219,66222.43219,66222.43219,0,0,0,0
"Q8R5C5","Actr1b","Beta-centractin OS=Mus musculus GN=Actr1b PE=1 SV=1",62470.4209433333,126020.448956667,109535.477056667,50784.0843566667,92596.9441566667,88052.2632566667,57221.5543566667,70334.8445566667,59909.6520566667,59974.0085566667,80998.5099566667,87096.2465566667,137392.446656667,90419.0324566667,80747.4970566667,58839.7169566667,26700.1050566667,85415.2521566667,68025.2833566667,55889.7799566667,75307.4912566667,104934.038056667,82871.4878566667,72835.4615566667,43955.5435566667,62990.8325566667,82053.7914566667,60444.7686566667,67217.9026566667,83551.0675566667,105874.837156667,57043.4526566667,111116.189756667,184089.721856667,84927.5919566667,66658.0548566667,37081.7161566667,83640.4946566667,63002.9323566667,83748.9102566667,157689.701456667,67922.3909566667,62577.7890566667,39075.2643566667,74168.2138566667,75590.0156566667,70398.8527566667,80499.3630566667,103036.644056667,81010.2426566667,81010.2426566667,81010.2426566667,0,0,0,0
"P61161","Actr2","Actin-related protein 2 OS=Mus musculus GN=Actr2 PE=1 SV=1",14452.133446,25968.900124,28984.768304,19764.581294,26882.637804,33417.937384,20741.823634,25568.119584,20309.547904,19031.421404,22981.684194,28165.715094,22750.107414,29694.072284,29990.925104,17215.507244,19815.809594,9849.376784,20622.964514,24360.045194,19465.254954,19109.785034,28724.118574,27815.472774,26205.386514,17218.585294,23159.657114,17860.244994,21115.849294,31744.870934,27365.135314,19772.132914,26245.706384,23336.350754,21606.118524,13548.067404,15878.571304,20527.308784,16190.556064,22446.622894,32602.013924,28246.974754,17940.403104,22623.518344,19977.214754,32510.751464,20416.269504,14852.636514,26830.287334,21695.132684,21695.132684,21695.132684,0,0,0,0
"Q99JY9","Actr3","Actin-related protein 3 OS=Mus musculus GN=Actr3 PE=1 SV=3",9818.09388266667,24883.5802973333,22771.2725473333,17323.0826373333,22692.7099673333,36127.7143273333,16245.0079473333,27182.4161073333,17179.4367573333,14375.1063773333,18814.0322773333,26010.2015873333,24108.6811373333,27372.7547573333,25971.2360873333,13556.2360773333,19323.8225473333,15058.7553273333,13976.3855873333,22033.3312173333,20092.8193873333,16284.3247873333,29052.5705173333,24152.5386773333,25943.8255373333,12604.6463573333,26216.9867773333,15697.2452873333,18906.8492473333,32832.0162673333,24001.7324173333,15805.6814673333,24588.5843073333,21516.8056873333,20022.8025473333,13958.4836873333,12572.6228973333,12162.6474873333,10061.8759973333,15059.1177973333,30930.1047373333,24181.1060273333,12543.3587673333,21311.4940773333,15256.3187173333,24606.5784173333,18665.8392873333,13693.1016673333,21504.7909973333,22206.6550073333,22206.6550073333,22206.6550073333,0,0,0,0
"P37172","Acvr1","Activin receptor type-1 OS=Mus musculus GN=Acvr1 PE=2 SV=2",4623.895497,19287.201723,23924.449243,19865.338923,15071.424543,21916.054323,19605.456833,16039.720623,17977.807133,21942.005793,21691.970773,20889.724363,13286.040933,17314.491513,26111.501343,23893.551093,14446.368453,21701.459733,23856.753733,14675.114413,17512.544643,24940.180583,27548.864013,25522.762113,13526.217423,18099.714753,27233.267203,26456.684613,19701.273153,22093.819393,23301.847373,16838.376033,20319.646863,18048.873423,20933.478803,24511.983843,17348.100333,22572.758563,21652.956683,25963.066633,11512.646763,23101.246363,22903.182283,16939.889033,21200.375723,31488.314603,23961.893373,30331.831463,18536.269743,20945.120473,20945.120473,20945.120473,0,0,0,0
"Q61271","Acvr1b","Activin receptor type-1B OS=Mus musculus GN=Acvr1b PE=1 SV=1",15295.8706,31925.69791,50773.17889,36441.43678,37290.77454,52408.6489,32006.46728,34779.41087,42733.80878,41340.99758,29361.60417,33537.27302,34257.07083,30757.1051,90334.4343,40025.11945,35538.77192,49231.72796,65811.08864,34748.34415,40028.9494,39584.36573,49046.90088,35937.49412,35212.97315,42590.23904,67976.49018,33983.91297,43301.04252,38461.14273,53623.68126,42063.06832,34400.07096,37237.05336,43076.2675,53270.14326,38383.88977,36488.4604,45161.50885,43284.58148,37261.97484,43985.11973,26098.81172,36335.72946,40993.01686,36206.02915,42286.56208,57091.3851,44849.59103,42992.73544,42992.73544,42992.73544,0,0,0,0
